year,grid,position,points,driver
2018,3,1.0,25.0,20
2018,1,1.0,25.0,20
2018,6,1.0,25.0,817
2018,2,1.0,25.0,1
2018,1,1.0,25.0,1
2018,1,1.0,25.0,817
2018,4,1.0,25.0,830
2018,2,1.0,25.0,20
2018,14,1.0,25.0,1
2018,3,1.0,25.0,1
2018,2,1.0,25.0,8
2018,2,1.0,25.0,830
2018,1,2.0,18.0,1
2018,3,2.0,18.0,822
2018,6,2.0,18.0,8
2018,2,2.0,18.0,822
2018,2,2.0,18.0,20
2018,4,2.0,18.0,830
2018,3,2.0,18.0,8
2018,4,2.0,18.0,20
2018,1,2.0,18.0,8
2018,2,2.0,18.0,830
2018,1,2.0,18.0,822
2018,18,2.0,18.0,830
2018,5,2.0,18.0,830
2018,3,2.0,18.0,20
2018,2,3.0,15.0,8
2018,9,3.0,15.0,1
2018,8,3.0,15.0,815
2018,5,3.0,15.0,830
2018,3,3.0,15.0,1
2018,3,3.0,15.0,830
2018,6,3.0,15.0,8
2018,6,3.0,15.0,20
2018,3,3.0,15.0,8
2018,7,3.0,15.0,830
2018,4,3.0,15.0,822
2018,3,3.0,15.0,20
2018,1,3.0,15.0,1
2018,4,3.0,15.0,8
2018,6,3.0,15.0,830
2018,8,4.0,12.0,817
2018,5,4.0,12.0,842
2018,4,4.0,12.0,1
2018,1,4.0,12.0,20
2018,3,4.0,12.0,20
2018,4,4.0,12.0,8
2018,6,4.0,12.0,817
2018,5,4.0,12.0,817
2018,5,4.0,12.0,154
2018,4,4.0,12.0,822
2018,4,4.0,12.0,830
2018,12,4.0,12.0,817
2018,19,4.0,12.0,822
2018,2,4.0,12.0,20
2018,15,4.0,12.0,817
2018,5,4.0,12.0,20
2018,3,4.0,12.0,1
2018,11,4.0,12.0,817
2018,10,5.0,10.0,4
2018,6,5.0,10.0,825
2018,5,5.0,10.0,830
2018,9,5.0,10.0,832
2018,6,5.0,10.0,817
2018,5,5.0,10.0,822
2018,4,5.0,10.0,1
2018,3,5.0,10.0,20
2018,8,5.0,10.0,825
2018,7,5.0,10.0,807
2018,2,5.0,10.0,822
2018,4,5.0,10.0,815
2018,5,5.0,10.0,8
2018,19,5.0,10.0,830
2018,4,5.0,10.0,8
2018,3,5.0,10.0,822
2018,4,6.0,8.0,830
2018,7,6.0,8.0,807
2018,13,6.0,8.0,844
2018,7,6.0,8.0,825
2018,6,6.0,8.0,839
2018,5,6.0,8.0,8
2018,9,6.0,8.0,825
2018,11,6.0,8.0,839
2018,11,6.0,8.0,807
2018,6,6.0,8.0,154
2018,6,6.0,8.0,842
2018,3,6.0,8.0,839
2018,8,6.0,8.0,839
2018,6,6.0,8.0,817
2018,18,6.0,8.0,817
2018,8,6.0,8.0,20
2018,2,6.0,8.0,20
2018,11,6.0,8.0,832
2018,7,7.0,6.0,807
2018,13,7.0,6.0,4
2018,12,7.0,6.0,4
2018,9,7.0,6.0,832
2018,10,7.0,6.0,842
2018,2,7.0,6.0,822
2018,16,7.0,6.0,815
2018,10,7.0,6.0,839
2018,10,7.0,6.0,815
2018,9,7.0,6.0,825
2018,5,7.0,6.0,154
2018,14,7.0,6.0,815
2018,11,7.0,6.0,4
2018,7,7.0,6.0,844
2018,9,7.0,6.0,815
2018,11,7.0,6.0,832
2018,9,7.0,6.0,844
2018,8,7.0,6.0,844
2018,15,8.0,4.0,822
2018,14,8.0,4.0,838
2018,1,8.0,4.0,20
2018,10,8.0,4.0,840
2018,8,8.0,4.0,4
2018,11,8.0,4.0,807
2018,9,8.0,4.0,832
2018,7,8.0,4.0,832
2018,13,8.0,4.0,4
2018,15,8.0,4.0,839
2018,11,8.0,4.0,4
2018,9,8.0,4.0,825
2018,12,8.0,4.0,832
2018,5,8.0,4.0,825
2018,5,8.0,4.0,154
2018,10,8.0,4.0,815
2018,15,8.0,4.0,838
2018,8,8.0,4.0,154
2018,14,8.0,4.0,815
2018,11,9.0,2.0,838
2018,17,9.0,2.0,828
2018,9,9.0,2.0,832
2018,16,9.0,2.0,838
2018,15,9.0,2.0,815
2018,20,9.0,2.0,830
2018,8,9.0,2.0,839
2018,12,9.0,2.0,807
2018,18,9.0,2.0,844
2018,7,9.0,2.0,825
2018,13,9.0,2.0,828
2018,5,9.0,2.0,832
2018,10,9.0,2.0,842
2018,10,9.0,2.0,840
2018,13,9.0,2.0,844
2018,6,9.0,2.0,839
2018,11,9.0,2.0,839
2018,20,9.0,2.0,843
2018,10,9.0,2.0,828
2018,10,9.0,2.0,825
2018,7,9.0,2.0,154
2018,9,10.0,1.0,832
2018,8,10.0,1.0,839
2018,11,10.0,1.0,825
2018,19,10.0,1.0,843
2018,14,10.0,1.0,844
2018,8,10.0,1.0,832
2018,13,10.0,1.0,844
2018,8,10.0,1.0,844
2018,20,10.0,1.0,828
2018,12,10.0,1.0,815
2018,17,10.0,1.0,843
2018,10,10.0,1.0,154
2018,13,10.0,1.0,828
2018,12,10.0,1.0,845
2018,10,10.0,1.0,807
2018,8,10.0,1.0,815
2018,13,10.0,1.0,832
2018,16,10.0,1.0,828
2018,20,10.0,1.0,842
2018,13,10.0,1.0,825
2018,12,11.0,0.0,815
2018,10,11.0,0.0,832
2018,12,11.0,0.0,839
2018,18,11.0,0.0,828
2018,18,11.0,0.0,840
2018,16,11.0,0.0,828
2018,16,11.0,0.0,842
2018,10,11.0,0.0,154
2018,12,11.0,0.0,842
2018,17,11.0,0.0,838
2018,5,11.0,0.0,825
2018,8,11.0,0.0,843
2018,14,11.0,0.0,832
2018,15,11.0,0.0,844
2018,14,11.0,0.0,828
2018,9,11.0,0.0,154
2018,7,11.0,0.0,842
2018,11,11.0,0.0,839
2018,16,11.0,0.0,843
2018,15,11.0,0.0,4
2018,14,12.0,0.0,839
2018,19,12.0,0.0,844
2018,8,12.0,0.0,815
2018,17,12.0,0.0,842
2018,20,12.0,0.0,843
2018,9,12.0,0.0,815
2018,20,12.0,0.0,154
2018,17,12.0,0.0,838
2018,9,12.0,0.0,832
2018,19,12.0,0.0,840
2018,8,12.0,0.0,832
2018,13,12.0,0.0,807
2018,16,12.0,0.0,845
2018,18,12.0,0.0,838
2018,12,12.0,0.0,807
2018,20,12.0,0.0,828
2018,19,12.0,0.0,842
2018,17,12.0,0.0,840
2018,15,12.0,0.0,832
2018,16,12.0,0.0,843
2018,18,13.0,0.0,844
2018,16,13.0,0.0,154
2018,14,13.0,0.0,838
2018,15,13.0,0.0,825
2018,17,13.0,0.0,828
2018,19,13.0,0.0,825
2018,11,13.0,0.0,825
2018,15,13.0,0.0,828
2018,17,13.0,0.0,845
2018,14,13.0,0.0,842
2018,19,13.0,0.0,838
2018,18,13.0,0.0,839
2018,17,13.0,0.0,840
2018,20,13.0,0.0,807
2018,15,13.0,0.0,842
2018,10,13.0,0.0,828
2018,6,13.0,0.0,843
2018,14,13.0,0.0,845
2018,19,13.0,0.0,845
2018,9,13.0,0.0,842
2018,20,13.0,0.0,840
2018,13,14.0,0.0,840
2018,20,14.0,0.0,840
2018,18,14.0,0.0,840
2018,3,14.0,0.0,822
2018,19,14.0,0.0,845
2018,12,14.0,0.0,838
2018,10,14.0,0.0,815
2018,20,14.0,0.0,843
2018,14,14.0,0.0,840
2018,18,14.0,0.0,845
2018,16,14.0,0.0,842
2018,19,14.0,0.0,815
2018,11,14.0,0.0,843
2018,9,14.0,0.0,842
2018,16,14.0,0.0,4
2018,18,14.0,0.0,4
2018,15,14.0,0.0,840
2018,14,14.0,0.0,843
2018,20,14.0,0.0,838
2018,18,14.0,0.0,838
2018,16,15.0,0.0,843
2018,18,15.0,0.0,845
2018,16,15.0,0.0,845
2018,20,15.0,0.0,154
2018,11,15.0,0.0,838
2018,18,15.0,0.0,154
2018,19,15.0,0.0,828
2018,15,15.0,0.0,838
2018,5,15.0,0.0,830
2018,9,15.0,0.0,844
2018,14,15.0,0.0,828
2018,18,15.0,0.0,838
2018,18,15.0,0.0,828
2018,8,15.0,0.0,154
2018,14,15.0,0.0,840
2018,19,15.0,0.0,838
2018,16,15.0,0.0,825
2018,18,15.0,0.0,839
2018,19,15.0,0.0,845
2018,6,16.0,0.0,154
2018,12,16.0,0.0,815
2018,20,16.0,0.0,828
2018,5,16.0,0.0,830
2018,13,16.0,0.0,839
2018,13,16.0,0.0,845
2018,15,16.0,0.0,838
2018,16,16.0,0.0,4
2018,2,16.0,0.0,1
2018,8,16.0,0.0,154
2018,11,16.0,0.0,4
2018,20,16.0,0.0,845
2018,8,16.0,0.0,817
2018,11,16.0,0.0,825
2018,7,16.0,0.0,815
2018,17,16.0,0.0,845
2018,4,16.0,0.0,817
2018,18,16.0,0.0,154
2018,14,16.0,0.0,845
2018,17,16.0,0.0,842
2018,5,17.0,0.0,825
2018,11,17.0,0.0,843
2018,10,17.0,0.0,154
2018,4,17.0,0.0,817
2018,4,17.0,0.0,8
2018,17,17.0,0.0,840
2018,18,17.0,0.0,845
2018,19,17.0,0.0,840
2018,19,17.0,0.0,843
2018,16,17.0,0.0,832
2018,18,17.0,0.0,840
2018,15,17.0,0.0,840
2018,6,17.0,0.0,8
2018,19,17.0,0.0,817
2018,17,17.0,0.0,843
2018,11,17.0,0.0,832
2018,14,17.0,0.0,840
2018,8,17.0,0.0,154
2018,1,17.0,0.0,817
2018,17,17.0,0.0,4
2018,9,17.0,0.0,839
2018,20,18.0,0.0,842
2018,2,18.0,0.0,8
2018,17,18.0,0.0,842
2018,14,18.0,0.0,807
2018,10,18.0,0.0,154
2018,14,18.0,0.0,844
2018,14,18.0,0.0,4
2018,13,18.0,0.0,815
2018,7,18.0,0.0,817
2018,15,18.0,0.0,828
2018,1,18.0,0.0,20
2018,16,18.0,0.0,838
2018,12,18.0,0.0,844
2018,13,18.0,0.0,4
2018,16,18.0,0.0,825
2018,13,18.0,0.0,845
2018,10,18.0,0.0,844
2018,19,18.0,0.0,840
2018,12,18.0,0.0,828
2018,17,19.0,0.0,828
2018,15,19.0,0.0,830
2018,19,19.0,0.0,844
2018,7,19.0,0.0,839
2018,12,19.0,0.0,842
2018,15,19.0,0.0,843
2018,12,19.0,0.0,843
2018,11,19.0,0.0,839
2018,1,19.0,0.0,822
2018,9,19.0,0.0,844
2018,12,19.0,0.0,845
2018,7,19.0,0.0,830
2018,15,19.0,0.0,4
2018,16,19.0,0.0,843
2018,19,19.0,0.0,845
2018,17,19.0,0.0,842
2018,16,19.0,0.0,807
2018,6,19.0,0.0,839
2018,8,19.0,0.0,832
2018,13,19.0,0.0,807
2018,4,19.0,0.0,8
2018,19,20.0,0.0,845
2018,4,20.0,0.0,817
2018,15,20.0,0.0,843
2018,11,20.0,0.0,845
2018,16,20.0,0.0,807
2018,7,20.0,0.0,4
2018,17,20.0,0.0,840
2018,14,20.0,0.0,842
2018,10,20.0,0.0,807
2018,0,20.0,0.0,843
2018,20,20.0,0.0,817
2018,17,20.0,0.0,844
2018,20,20.0,0.0,807
2018,6,20.0,0.0,154
2018,9,20.0,0.0,839
2018,20,20.0,0.0,843
2018,12,20.0,0.0,825
2018,12,20.0,0.0,4
2018,6,20.0,0.0,828
2019,2,1.0,26.0,822
2019,3,1.0,25.0,1
2019,2,1.0,25.0,1
2019,1,1.0,25.0,822
2019,2,1.0,26.0,1
2019,1,1.0,25.0,1
2019,2,1.0,26.0,830
2019,1,1.0,25.0,844
2019,3,1.0,25.0,20
2019,3,1.0,25.0,822
2019,1,1.0,25.0,830
2019,1,1.0,26.0,1
2019,1,2.0,18.0,1
2019,4,2.0,18.0,822
2019,1,2.0,18.0,822
2019,2,2.0,18.0,1
2019,4,2.0,18.0,20
2019,1,2.0,18.0,20
2019,2,2.0,18.0,822
2019,1,2.0,18.0,844
2019,20,2.0,18.0,20
2019,1,2.0,19.0,830
2019,3,2.0,18.0,1
2019,3,2.0,18.0,822
2019,2,2.0,18.0,20
2019,5,2.0,18.0,1
2019,6,2.0,18.0,842
2019,2,2.0,18.0,830
2019,4,3.0,15.0,830
2019,1,3.0,16.0,844
2019,3,3.0,15.0,20
2019,2,3.0,15.0,822
2019,3,3.0,15.0,844
2019,3,3.0,15.0,822
2019,14,3.0,15.0,826
2019,5,3.0,15.0,20
2019,4,3.0,15.0,822
2019,2,3.0,16.0,1
2019,1,3.0,15.0,844
2019,4,3.0,16.0,1
2019,6,3.0,15.0,822
2019,3,3.0,15.0,830
2019,20,3.0,15.0,832
2019,3,4.0,12.0,20
2019,5,4.0,12.0,830
2019,4,4.0,12.0,830
2019,3,4.0,12.0,830
2019,6,4.0,13.0,822
2019,9,4.0,12.0,20
2019,5,4.0,12.0,842
2019,15,4.0,12.0,840
2019,4,4.0,12.0,844
2019,2,4.0,13.0,20
2019,5,4.0,12.0,817
2019,2,4.0,12.0,1
2019,9,4.0,12.0,830
2019,6,4.0,12.0,848
2019,1,4.0,13.0,844
2019,4,4.0,13.0,844
2019,8,4.0,12.0,8
2019,20,4.0,12.0,822
2019,5,5.0,10.0,844
2019,2,5.0,10.0,20
2019,4,5.0,10.0,844
2019,8,5.0,11.0,844
2019,8,5.0,11.0,842
2019,9,5.0,10.0,830
2019,7,5.0,11.0,20
2019,4,5.0,10.0,1
2019,4,5.0,10.0,830
2019,7,5.0,10.0,832
2019,8,5.0,10.0,832
2019,17,5.0,10.0,848
2019,6,5.0,10.0,807
2019,5,5.0,10.0,822
2019,0,5.0,10.0,848
2019,5,5.0,10.0,848
2019,6,5.0,10.0,848
2019,12,5.0,10.0,841
2019,4,5.0,10.0,20
2019,7,6.0,8.0,825
2019,9,6.0,8.0,846
2019,6,6.0,9.0,842
2019,5,6.0,8.0,815
2019,6,6.0,8.0,842
2019,9,6.0,8.0,832
2019,4,6.0,8.0,817
2019,6,6.0,8.0,832
2019,5,6.0,8.0,846
2019,13,6.0,8.0,832
2019,16,6.0,8.0,848
2019,7,6.0,8.0,815
2019,8,6.0,8.0,848
2019,6,6.0,8.0,848
2019,5,6.0,8.0,832
2019,2,6.0,8.0,844
2019,4,6.0,8.0,830
2019,9,6.0,8.0,817
2019,11,6.0,8.0,817
2019,5,6.0,8.0,848
2019,11,7.0,6.0,807
2019,8,7.0,6.0,8
2019,7,7.0,6.0,817
2019,9,7.0,6.0,832
2019,8,7.0,6.0,825
2019,7,7.0,6.0,826
2019,7,7.0,6.0,807
2019,12,7.0,6.0,8
2019,8,7.0,6.0,842
2019,6,7.0,6.0,154
2019,10,7.0,6.0,8
2019,19,7.0,6.0,826
2019,18,7.0,6.0,815
2019,9,7.0,6.0,846
2019,11,7.0,6.0,815
2019,9,7.0,6.0,842
2019,8,7.0,6.0,846
2019,3,7.0,6.0,1
2019,10,7.0,6.0,815
2019,9,8.0,4.0,8
2019,13,8.0,4.0,842
2019,12,8.0,4.0,815
2019,7,8.0,4.0,846
2019,12,8.0,4.0,832
2019,10,8.0,4.0,848
2019,5,8.0,4.0,842
2019,13,8.0,4.0,807
2019,19,8.0,4.0,832
2019,12,8.0,4.0,8
2019,12,8.0,4.0,825
2019,2,8.0,4.0,822
2019,12,8.0,4.0,807
2019,19,8.0,4.0,830
2019,11,8.0,4.0,842
2019,17,8.0,4.0,815
2019,13,8.0,4.0,817
2019,7,8.0,4.0,832
2019,10,8.0,4.0,846
2019,6,8.0,4.0,846
2019,16,9.0,2.0,840
2019,12,9.0,2.0,848
2019,13,9.0,2.0,8
2019,13,9.0,2.0,840
2019,9,9.0,2.0,826
2019,6,9.0,2.0,817
2019,17,9.0,2.0,840
2019,5,9.0,2.0,846
2019,6,9.0,2.0,8
2019,17,9.0,2.0,826
2019,1,9.0,2.0,1
2019,7,9.0,2.0,846
2019,13,9.0,2.0,842
2019,10,9.0,2.0,841
2019,8,9.0,2.0,807
2019,13,9.0,2.0,825
2019,12,9.0,2.0,840
2019,10,9.0,2.0,842
2019,11,9.0,2.0,807
2019,15,9.0,2.0,815
2019,13,9.0,2.0,826
2019,15,10.0,1.0,826
2019,14,10.0,1.0,815
2019,0,10.0,1.0,848
2019,0,10.0,1.0,8
2019,7,10.0,1.0,154
2019,13,10.0,1.0,154
2019,10,10.0,1.0,826
2019,9,10.0,1.0,842
2019,7,10.0,1.0,841
2019,10,10.0,1.0,807
2019,18,10.0,1.0,9
2019,12,10.0,1.0,848
2019,16,10.0,1.0,840
2019,16,10.0,1.0,846
2019,10,10.0,1.0,841
2019,6,10.0,1.0,807
2019,14,10.0,1.0,826
2019,12,10.0,1.0,807
2019,0,10.0,1.0,815
2019,16,10.0,1.0,826
2019,8,10.0,1.0,832
2019,17,11.0,0.0,842
2019,16,11.0,0.0,841
2019,10,11.0,0.0,154
2019,11,11.0,0.0,848
2019,12,11.0,0.0,846
2019,11,11.0,0.0,832
2019,8,11.0,0.0,817
2019,13,11.0,0.0,815
2019,8,11.0,0.0,846
2019,17,11.0,0.0,847
2019,16,11.0,0.0,815
2019,11,11.0,0.0,846
2019,17,11.0,0.0,154
2019,14,11.0,0.0,840
2019,9,11.0,0.0,826
2019,17,11.0,0.0,8
2019,9,11.0,0.0,825
2019,7,11.0,0.0,817
2019,8,12.0,0.0,846
2019,15,12.0,0.0,826
2019,16,12.0,0.0,840
2019,17,12.0,0.0,841
2019,13,12.0,0.0,817
2019,16,12.0,0.0,815
2019,15,12.0,0.0,815
2019,14,12.0,0.0,815
2019,12,12.0,0.0,817
2019,9,12.0,0.0,848
2019,5,12.0,0.0,8
2019,11,12.0,0.0,807
2019,8,12.0,0.0,825
2019,9,12.0,0.0,840
2019,7,12.0,0.0,832
2019,19,12.0,0.0,826
2019,13,12.0,0.0,8
2019,13,12.0,0.0,826
2019,18,12.0,0.0,847
2019,9,12.0,0.0,807
2019,10,13.0,0.0,815
2019,6,13.0,0.0,825
2019,9,13.0,0.0,825
2019,12,13.0,0.0,825
2019,0,13.0,0.0,807
2019,11,13.0,0.0,807
2019,12,13.0,0.0,841
2019,17,13.0,0.0,840
2019,15,13.0,0.0,807
2019,18,13.0,0.0,840
2019,11,13.0,0.0,841
2019,14,13.0,0.0,825
2019,9,13.0,0.0,154
2019,4,13.0,0.0,20
2019,16,13.0,0.0,840
2019,15,13.0,0.0,8
2019,10,13.0,0.0,154
2019,7,13.0,0.0,832
2019,14,13.0,0.0,840
2019,7,13.0,0.0,154
2019,17,13.0,0.0,8
2019,13,14.0,0.0,848
2019,18,14.0,0.0,840
2019,14,14.0,0.0,832
2019,15,14.0,0.0,807
2019,14,14.0,0.0,8
2019,5,14.0,0.0,825
2019,14,14.0,0.0,154
2019,19,14.0,0.0,826
2019,14,14.0,0.0,840
2019,19,14.0,0.0,847
2019,4,14.0,0.0,842
2019,20,14.0,0.0,817
2019,10,14.0,0.0,817
2019,14,14.0,0.0,847
2019,16,14.0,0.0,842
2019,11,14.0,0.0,841
2019,15,14.0,0.0,841
2019,16,14.0,0.0,841
2019,5,14.0,0.0,848
2019,14,14.0,0.0,825
2019,14,15.0,0.0,841
2019,19,15.0,0.0,847
2019,19,15.0,0.0,841
2019,16,15.0,0.0,847
2019,15,15.0,0.0,815
2019,16,15.0,0.0,8
2019,11,15.0,0.0,848
2019,18,15.0,0.0,848
2019,20,15.0,0.0,9
2019,3,15.0,0.0,822
2019,13,15.0,0.0,826
2019,14,15.0,0.0,847
2019,0,15.0,0.0,8
2019,14,15.0,0.0,826
2019,12,15.0,0.0,841
2019,19,15.0,0.0,825
2019,17,15.0,0.0,825
2019,15,15.0,0.0,154
2019,13,15.0,0.0,807
2019,19,16.0,0.0,847
2019,20,16.0,0.0,9
2019,17,16.0,0.0,847
2019,0,16.0,0.0,9
2019,18,16.0,0.0,841
2019,17,16.0,0.0,840
2019,18,16.0,0.0,847
2019,10,16.0,0.0,841
2019,11,16.0,0.0,154
2019,6,16.0,0.0,20
2019,9,16.0,0.0,807
2019,15,16.0,0.0,847
2019,6,16.0,0.0,8
2019,13,16.0,0.0,154
2019,19,16.0,0.0,9
2019,18,16.0,0.0,9
2019,10,16.0,0.0,842
2019,16,16.0,0.0,841
2019,20,17.0,0.0,9
2019,17,17.0,0.0,807
2019,18,17.0,0.0,9
2019,0,17.0,0.0,842
2019,19,17.0,0.0,847
2019,14,17.0,0.0,8
2019,0,17.0,0.0,825
2019,15,17.0,0.0,825
2019,16,17.0,0.0,826
2019,15,17.0,0.0,815
2019,10,17.0,0.0,844
2019,18,17.0,0.0,840
2019,0,17.0,0.0,9
2019,15,17.0,0.0,9
2019,13,17.0,0.0,825
2019,17,17.0,0.0,847
2019,18,17.0,0.0,154
2019,18,17.0,0.0,847
2019,2,17.0,0.0,20
2019,6,18.0,0.0,154
2019,10,18.0,0.0,817
2019,15,18.0,0.0,846
2019,14,18.0,0.0,154
2019,17,18.0,0.0,9
2019,20,18.0,0.0,9
2019,19,18.0,0.0,9
2019,18,18.0,0.0,9
2019,0,18.0,0.0,847
2019,11,18.0,0.0,841
2019,19,18.0,0.0,846
2019,17,18.0,0.0,841
2019,18,18.0,0.0,841
2019,11,18.0,0.0,825
2019,12,18.0,0.0,8
2019,3,18.0,0.0,20
2019,5,18.0,0.0,830
2019,12,18.0,0.0,825
2019,14,18.0,0.0,844
2019,11,18.0,0.0,842
2019,12,19.0,0.0,817
2019,7,19.0,0.0,832
2019,11,19.0,0.0,826
2019,6,19.0,0.0,826
2019,16,19.0,0.0,840
2019,18,19.0,0.0,841
2019,13,19.0,0.0,848
2019,20,19.0,0.0,847
2019,10,19.0,0.0,825
2019,14,19.0,0.0,154
2019,13,19.0,0.0,817
2019,19,19.0,0.0,9
2019,15,19.0,0.0,832
2019,12,19.0,0.0,826
2019,15,19.0,0.0,815
2019,10,19.0,0.0,817
2019,16,19.0,0.0,817
2019,14,19.0,0.0,8
2019,17,19.0,0.0,840
2019,18,20.0,0.0,832
2019,11,20.0,0.0,154
2019,8,20.0,0.0,807
2019,10,20.0,0.0,817
2019,10,20.0,0.0,846
2019,15,20.0,0.0,844
2019,8,20.0,0.0,846
2019,16,20.0,0.0,154
2019,17,20.0,0.0,9
2019,16,20.0,0.0,825
2019,8,20.0,0.0,815
2019,9,20.0,0.0,154
2019,5,20.0,0.0,830
2019,7,20.0,0.0,832
2019,18,20.0,0.0,847
2019,8,20.0,0.0,154
2019,15,20.0,0.0,807
2019,2,20.0,0.0,20
2019,4,20.0,0.0,822
2019,12,20.0,0.0,840
2020,1,1.0,25.0,822
2020,1,1.0,25.0,1
2020,1,1.0,26.0,1
2020,4,1.0,25.0,830
2020,10,1.0,25.0,842
2020,3,1.0,26.0,822
2020,2,1.0,25.0,1
2020,2,1.0,26.0,1
2020,6,1.0,25.0,1
2020,5,1.0,25.0,815
2020,1,1.0,25.0,830
2020,7,2.0,18.0,844
2020,4,2.0,18.0,822
2020,7,2.0,18.0,830
2020,3,2.0,19.0,830
2020,2,2.0,19.0,1
2020,3,2.0,18.0,830
2020,2,2.0,18.0,822
2020,3,2.0,18.0,832
2020,2,2.0,18.0,830
2020,1,2.0,18.0,822
2020,3,2.0,18.0,815
2020,11,2.0,18.0,839
2020,3,3.0,16.0,846
2020,2,3.0,15.0,830
2020,2,3.0,15.0,822
2020,4,3.0,15.0,844
2020,1,3.0,15.0,822
2020,2,3.0,16.0,822
2020,3,3.0,15.0,830
2020,8,3.0,15.0,840
2020,4,3.0,15.0,848
2020,1,3.0,15.0,1
2020,6,3.0,15.0,817
2020,5,3.0,15.0,817
2020,11,3.0,15.0,20
2020,10,3.0,15.0,840
2020,3,3.0,15.0,1
2020,5,4.0,12.0,1
2020,6,4.0,12.0,848
2020,3,4.0,12.0,840
2020,8,4.0,12.0,817
2020,8,4.0,12.0,844
2020,5,4.0,12.0,840
2020,4,4.0,13.0,817
2020,6,4.0,12.0,846
2020,4,4.0,12.0,815
2020,9,4.0,12.0,815
2020,4,4.0,12.0,844
2020,8,4.0,12.0,826
2020,12,4.0,12.0,844
2020,9,4.0,12.0,846
2020,8,4.0,12.0,832
2020,5,4.0,12.0,848
2020,8,5.0,10.0,832
2020,9,5.0,10.0,846
2020,13,5.0,10.0,848
2020,5,5.0,10.0,846
2020,9,5.0,10.0,848
2020,4,5.0,10.0,815
2020,6,5.0,10.0,839
2020,2,5.0,10.0,822
2020,7,5.0,10.0,815
2020,5,5.0,10.0,817
2020,10,5.0,10.0,832
2020,9,5.0,10.0,842
2020,7,5.0,10.0,844
2020,15,5.0,10.0,832
2020,7,5.0,10.0,817
2020,4,5.0,10.0,846
2020,6,6.0,8.0,815
2020,17,6.0,8.0,815
2020,5,6.0,8.0,20
2020,9,6.0,8.0,839
2020,6,6.0,8.0,840
2020,7,6.0,8.0,832
2020,5,6.0,8.0,848
2020,7,6.0,8.0,817
2020,11,6.0,8.0,846
2020,10,6.0,8.0,844
2020,12,6.0,8.0,842
2020,11,6.0,8.0,815
2020,2,6.0,8.0,830
2020,8,6.0,8.0,842
2020,12,6.0,8.0,848
2020,6,6.0,8.0,832
2020,12,7.0,6.0,842
2020,12,7.0,6.0,840
2020,4,7.0,6.0,815
2020,11,7.0,6.0,842
2020,3,7.0,6.0,807
2020,11,7.0,6.0,20
2020,10,7.0,6.0,846
2020,1,7.0,7.0,1
2020,12,7.0,6.0,826
2020,7,7.0,6.0,839
2020,4,7.0,6.0,844
2020,5,7.0,6.0,815
2020,10,7.0,6.0,832
2020,4,7.0,6.0,848
2020,6,7.0,6.0,817
2020,6,7.0,6.0,826
2020,11,7.0,7.0,817
2020,14,8.0,4.0,839
2020,8,8.0,4.0,817
2020,11,8.0,4.0,817
2020,12,8.0,4.0,848
2020,6,8.0,4.0,848
2020,12,8.0,4.0,842
2020,12,8.0,4.0,839
2020,5,8.0,4.0,844
2020,11,8.0,4.0,826
2020,20,8.0,4.0,807
2020,11,8.0,4.0,839
2020,9,8.0,4.0,846
2020,14,8.0,5.0,846
2020,2,8.0,4.0,822
2020,1,8.0,4.0,822
2020,9,8.0,4.0,842
2020,18,9.0,2.0,841
2020,3,9.0,3.0,832
2020,9,9.0,2.0,832
2020,6,9.0,2.0,840
2020,10,9.0,2.0,846
2020,10,9.0,2.0,842
2020,9,9.0,2.0,840
2020,11,9.0,2.0,826
2020,13,9.0,2.0,8
2020,9,9.0,2.0,842
2020,16,9.0,2.0,154
2020,10,9.0,2.0,817
2020,18,9.0,2.0,8
2020,1,9.0,2.0,840
2020,7,9.0,2.0,839
2020,2,9.0,3.0,847
2020,10,9.0,2.0,839
2020,11,10.0,1.0,20
2020,13,10.0,1.0,826
2020,0,10.0,1.0,825
2020,10,10.0,1.0,20
2020,16,10.0,1.0,826
2020,8,10.0,1.0,846
2020,8,10.0,1.0,815
2020,4,10.0,1.0,815
2020,14,10.0,1.0,20
2020,15,10.0,1.0,848
2020,14,10.0,1.0,841
2020,15,10.0,1.0,20
2020,20,10.0,1.0,841
2020,5,10.0,1.0,817
2020,12,10.0,1.0,844
2020,19,10.0,1.0,846
2020,8,10.0,1.0,840
2020,20,11.0,0.0,849
2020,16,11.0,0.0,8
2020,6,11.0,0.0,844
2020,2,11.0,0.0,822
2020,7,11.0,0.0,842
2020,13,11.0,0.0,817
2020,11,11.0,0.0,826
2020,18,11.0,0.0,847
2020,17,11.0,0.0,841
2020,11,11.0,0.0,20
2020,19,11.0,0.0,849
2020,7,11.0,0.0,839
2020,10,11.0,0.0,826
2020,9,11.0,0.0,842
2020,7,11.0,0.0,826
2020,13,12.0,0.0,826
2020,15,12.0,0.0,825
2020,17,12.0,0.0,826
2020,20,12.0,0.0,847
2020,11,12.0,0.0,20
2020,12,12.0,0.0,826
2020,16,12.0,0.0,8
2020,16,12.0,0.0,154
2020,15,12.0,0.0,154
2020,18,12.0,0.0,825
2020,19,12.0,0.0,8
2020,6,12.0,0.0,848
2020,14,12.0,0.0,20
2020,16,12.0,0.0,826
2020,14,12.0,0.0,847
2020,13,12.0,0.0,20
2020,15,12.0,0.0,8
2020,4,13.0,0.0,848
2020,0,13.0,0.0,154
2020,8,13.0,0.0,846
2020,7,13.0,0.0,832
2020,12,13.0,0.0,832
2020,15,13.0,0.0,839
2020,14,13.0,0.0,20
2020,14,13.0,0.0,8
2020,6,13.0,0.0,840
2020,15,13.0,0.0,825
2020,15,13.0,0.0,840
2020,19,13.0,0.0,842
2020,11,13.0,0.0,20
2020,14,13.0,0.0,841
2020,12,13.0,0.0,844
2020,19,14.0,0.0,8
2020,19,14.0,0.0,841
2020,14,14.0,0.0,839
2020,15,14.0,0.0,841
2020,5,14.0,0.0,817
2020,14,14.0,0.0,8
2020,13,14.0,0.0,844
2020,19,14.0,0.0,847
2020,10,14.0,0.0,839
2020,18,14.0,0.0,849
2020,14,14.0,0.0,847
2020,16,14.0,0.0,154
2020,9,14.0,0.0,822
2020,20,14.0,0.0,849
2020,18,14.0,0.0,8
2020,13,14.0,0.0,20
2020,17,15.0,0.0,847
2020,7,15.0,0.0,842
2020,20,15.0,0.0,8
2020,18,15.0,0.0,849
2020,16,15.0,0.0,825
2020,17,15.0,0.0,154
2020,9,15.0,0.0,848
2020,19,15.0,0.0,849
2020,8,15.0,0.0,846
2020,13,15.0,0.0,826
2020,17,15.0,0.0,841
2020,6,15.0,0.0,848
2020,8,15.0,0.0,8
2020,17,15.0,0.0,8
2020,15,15.0,0.0,825
2020,16,15.0,0.0,847
2020,15,16.0,0.0,154
2020,11,16.0,0.0,847
2020,0,16.0,0.0,154
2020,17,16.0,0.0,154
2020,13,16.0,0.0,154
2020,20,16.0,0.0,841
2020,19,16.0,0.0,849
2020,18,16.0,0.0,841
2020,20,16.0,0.0,825
2020,20,16.0,0.0,849
2020,8,16.0,0.0,846
2020,19,16.0,0.0,825
2020,13,16.0,0.0,847
2020,0,16.0,0.0,847
2020,16,16.0,0.0,841
2020,17,16.0,0.0,851
2020,14,16.0,0.0,841
2020,16,17.0,0.0,825
2020,18,17.0,0.0,849
2020,19,17.0,0.0,841
2020,16,17.0,0.0,8
2020,18,17.0,0.0,847
2020,20,17.0,0.0,825
2020,5,17.0,0.0,830
2020,17,17.0,0.0,841
2020,16,17.0,0.0,154
2020,5,17.0,0.0,848
2020,18,17.0,0.0,154
2020,3,17.0,0.0,830
2020,13,17.0,0.0,825
2020,18,17.0,0.0,825
2020,20,17.0,0.0,850
2020,9,18.0,0.0,840
2020,5,18.0,0.0,839
2020,12,18.0,0.0,847
2020,19,18.0,0.0,826
2020,15,18.0,0.0,847
2020,19,18.0,0.0,849
2020,18,18.0,0.0,841
2020,13,18.0,0.0,844
2020,9,18.0,0.0,832
2020,13,18.0,0.0,847
2020,7,18.0,0.0,839
2020,20,18.0,0.0,849
2020,17,18.0,0.0,825
2020,17,18.0,0.0,154
2020,5,18.0,0.0,815
2020,16,18.0,0.0,849
2020,20,18.0,0.0,825
2020,10,19.0,0.0,817
2020,14,19.0,0.0,844
2020,15,19.0,0.0,849
2020,14,19.0,0.0,825
2020,18,19.0,0.0,849
2020,17,19.0,0.0,154
2020,15,19.0,0.0,847
2020,15,19.0,0.0,825
2020,3,19.0,0.0,830
2020,6,19.0,0.0,832
2020,1,19.0,0.0,822
2020,13,19.0,0.0,826
2020,12,19.0,0.0,839
2020,0,19.0,0.0,849
2020,13,19.0,0.0,840
2020,17,19.0,0.0,850
2020,2,20.0,0.0,830
2020,10,20.0,0.0,20
2020,10,20.0,0.0,842
2020,13,20.0,0.0,807
2020,17,20.0,0.0,825
2020,9,20.0,0.0,844
2020,7,20.0,0.0,832
2020,17,20.0,0.0,20
2020,16,20.0,0.0,842
2020,12,20.0,0.0,840
2020,17,20.0,0.0,847
2020,4,20.0,0.0,842
2020,10,20.0,0.0,841
2020,19,20.0,0.0,154
2020,4,20.0,0.0,844
2020,19,20.0,0.0,815
2021,2,1.0,25.0,1
2021,3,1.0,25.0,830
2021,1,1.0,25.0,1
2021,2,1.0,25.0,830
2021,6,1.0,25.0,815
2021,1,1.0,26.0,830
2021,1,1.0,25.0,830
2021,8,1.0,25.0,839
2021,1,1.0,12.5,830
2021,2,1.0,26.0,817
2021,4,1.0,25.0,1
2021,1,1.0,26.0,822
2021,10,1.0,25.0,1
2021,1,1.0,26.0,1
2021,1,2.0,18.0,830
2021,1,2.0,19.0,1
2021,3,2.0,18.0,830
2021,2,2.0,19.0,830
2021,4,2.0,18.0,832
2021,11,2.0,18.0,20
2021,2,2.0,18.0,1
2021,2,2.0,19.0,1
2021,5,2.0,18.0,822
2021,4,2.0,18.0,844
2021,1,2.0,18.0,1
2021,2,2.0,9.0,847
2021,3,2.0,18.0,846
2021,20,2.0,18.0,830
2021,2,2.0,18.0,830
2021,7,2.0,19.0,830
2021,3,3.0,16.0,822
2021,7,3.0,15.0,846
2021,1,3.0,16.0,822
2021,3,3.0,15.0,822
2021,5,3.0,15.0,846
2021,4,3.0,15.0,842
2021,4,3.0,15.0,815
2021,5,3.0,15.0,822
2021,2,3.0,15.0,846
2021,15,3.0,15.0,832
2021,3,3.0,7.5,1
2021,19,3.0,15.0,822
2021,2,3.0,15.0,832
2021,6,3.0,15.0,815
2021,3,3.0,15.0,815
2021,1,3.0,15.0,822
2021,3,3.0,15.0,4
2021,2,3.0,15.0,822
2021,5,3.0,15.0,832
2021,7,4.0,12.0,846
2021,4,4.0,12.0,844
2021,4,4.0,12.0,815
2021,9,4.0,12.0,815
2021,1,4.0,12.0,844
2021,3,4.0,12.0,822
2021,4,4.0,12.0,1
2021,5,4.0,12.0,846
2021,9,4.0,12.0,4
2021,4,4.0,6.0,817
2021,4,4.0,12.0,842
2021,5,4.0,12.0,844
2021,5,4.0,12.0,817
2021,3,4.0,12.0,844
2021,5,4.0,12.0,842
2021,4,4.0,13.0,815
2021,11,4.0,12.0,815
2021,9,4.0,12.0,839
2021,8,4.0,12.0,852
2021,0,5.0,10.0,815
2021,11,5.0,10.0,832
2021,7,5.0,10.0,846
2021,8,5.0,10.0,815
2021,8,5.0,10.0,20
2021,9,5.0,10.0,846
2021,8,5.0,10.0,846
2021,3,5.0,10.0,846
2021,10,5.0,10.0,832
2021,6,5.0,10.0,817
2021,5,5.0,11.0,842
2021,5,5.0,5.0,20
2021,5,5.0,10.0,844
2021,16,5.0,10.0,822
2021,11,5.0,10.0,1
2021,8,5.0,10.0,844
2021,6,5.0,10.0,844
2021,9,5.0,10.0,839
2021,11,5.0,10.0,817
2021,12,5.0,10.0,842
2021,4,6.0,8.0,844
2021,6,6.0,8.0,817
2021,8,6.0,8.0,844
2021,7,6.0,8.0,817
2021,6,6.0,8.0,842
2021,8,6.0,8.0,4
2021,10,6.0,8.0,817
2021,12,6.0,8.0,832
2021,3,6.0,8.0,815
2021,10,6.0,8.0,832
2021,16,6.0,8.0,852
2021,6,6.0,4.0,842
2021,9,6.0,8.0,4
2021,6,6.0,8.0,832
2021,6,6.0,8.0,4
2021,4,6.0,8.0,842
2021,9,6.0,8.0,822
2021,3,6.0,8.0,832
2021,12,6.0,8.0,840
2021,6,6.0,8.0,822
2021,6,7.0,6.0,817
2021,5,7.0,6.0,842
2021,6,7.0,6.0,839
2021,6,7.0,6.0,832
2021,7,7.0,7.0,1
2021,7,7.0,6.0,852
2021,6,7.0,6.0,842
2021,7,7.0,6.0,844
2021,13,7.0,6.0,817
2021,7,7.0,6.0,4
2021,18,7.0,6.0,849
2021,8,7.0,3.0,839
2021,9,7.0,6.0,840
2021,1,7.0,7.0,846
2021,7,7.0,6.0,846
2021,5,7.0,6.0,832
2021,9,7.0,6.0,20
2021,7,7.0,6.0,842
2021,4,7.0,6.0,844
2021,3,7.0,6.0,846
2021,8,8.0,4.0,832
2021,10,8.0,4.0,840
2021,13,8.0,4.0,4
2021,9,8.0,4.0,846
2021,13,8.0,4.0,840
2021,5,8.0,4.0,832
2021,9,8.0,4.0,4
2021,9,8.0,4.0,840
2021,12,8.0,4.0,844
2021,14,8.0,4.0,840
2021,17,8.0,4.0,847
2021,9,8.0,2.0,844
2021,0,8.0,4.0,815
2021,10,8.0,4.0,4
2021,13,8.0,4.0,8
2021,19,8.0,4.0,832
2021,7,8.0,4.0,846
2021,10,8.0,4.0,8
2021,8,8.0,4.0,839
2021,13,8.0,4.0,844
2021,15,8.0,4.0,832
2021,11,8.0,4.0,4
2021,13,9.0,2.0,852
2021,9,9.0,2.0,839
2021,16,9.0,2.0,817
2021,5,9.0,2.0,839
2021,11,9.0,2.0,839
2021,13,9.0,2.0,817
2021,12,9.0,2.0,20
2021,8,9.0,2.0,4
2021,6,9.0,2.0,842
2021,3,9.0,2.0,830
2021,10,9.0,1.0,849
2021,8,9.0,2.0,839
2021,14,9.0,2.0,847
2021,8,9.0,2.0,815
2021,8,9.0,2.0,840
2021,10,9.0,2.0,852
2021,12,9.0,2.0,4
2021,4,9.0,2.0,846
2021,10,9.0,2.0,841
2021,10,10.0,1.0,840
2021,15,10.0,1.0,4
2021,9,10.0,1.0,842
2021,12,10.0,1.0,842
2021,10,10.0,1.0,841
2021,14,10.0,1.0,8
2021,19,10.0,1.0,840
2021,11,10.0,1.0,852
2021,14,10.0,1.0,4
2021,16,10.0,1.0,852
2021,13,10.0,1.0,8
2021,11,10.0,0.5,832
2021,13,10.0,1.0,846
2021,12,10.0,1.0,839
2021,3,10.0,1.0,847
2021,18,10.0,1.0,20
2021,18,10.0,1.0,846
2021,5,10.0,1.0,846
2021,10,10.0,1.0,20
2021,7,10.0,1.0,846
2021,7,10.0,1.0,844
2021,14,11.0,0.0,8
2021,2,11.0,0.0,815
2021,5,11.0,0.0,832
2021,11,11.0,0.0,840
2021,20,11.0,0.0,841
2021,18,11.0,0.0,8
2021,8,11.0,0.0,847
2021,11,11.0,0.0,842
2021,11,11.0,0.0,817
2021,12,11.0,0.0,4
2021,10,11.0,0.0,817
2021,13,11.0,0.0,849
2021,7,11.0,0.0,840
2021,16,11.0,0.0,841
2021,12,11.0,0.0,841
2021,11,11.0,0.0,841
2021,9,11.0,0.0,20
2021,2,11.0,0.0,842
2021,18,11.0,0.0,840
2021,15,11.0,0.0,20
2021,12,12.0,0.0,841
2021,20,12.0,0.0,852
2021,17,12.0,0.0,8
2021,12,12.0,0.0,817
2021,10,12.0,0.0,822
2021,14,12.0,0.0,847
2021,14,12.0,0.0,20
2021,7,12.0,0.0,852
2021,12,12.0,0.0,847
2021,20,12.0,0.0,854
2021,13,12.0,0.0,822
2021,12,12.0,0.0,840
2021,11,12.0,0.0,20
2021,10,12.0,0.0,20
2021,13,12.0,0.0,840
2021,7,12.0,0.0,817
2021,0,12.0,0.0,8
2021,14,12.0,0.0,817
2021,16,12.0,0.0,849
2021,10,12.0,0.0,817
2021,16,13.0,0.0,839
2021,16,13.0,0.0,8
2021,10,13.0,0.0,20
2021,13,13.0,0.0,20
2021,17,13.0,0.0,4
2021,17,13.0,0.0,854
2021,0,13.0,0.0,852
2021,13,13.0,0.0,817
2021,9,13.0,0.0,840
2021,15,13.0,0.0,841
2021,0,13.0,0.0,841
2021,14,13.0,0.0,841
2021,15,13.0,0.0,20
2021,7,13.0,0.0,841
2021,11,13.0,0.0,842
2021,20,13.0,0.0,817
2021,15,13.0,0.0,8
2021,19,13.0,0.0,839
2021,17,13.0,0.0,847
2021,8,13.0,0.0,852
2021,13,13.0,0.0,4
2021,13,13.0,0.0,840
2021,15,14.0,0.0,847
2021,17,14.0,0.0,841
2021,17,14.0,0.0,840
2021,18,14.0,0.0,853
2021,11,14.0,0.0,839
2021,17,14.0,0.0,839
2021,15,14.0,0.0,841
2021,17,14.0,0.0,849
2021,19,14.0,0.0,853
2021,15,14.0,0.0,846
2021,7,14.0,0.0,841
2021,17,14.0,0.0,9
2021,9,14.0,0.0,839
2021,9,14.0,0.0,852
2021,20,14.0,0.0,847
2021,20,14.0,0.0,840
2021,13,14.0,0.0,841
2021,16,14.0,0.0,8
2021,8,14.0,0.0,852
2021,19,14.0,0.0,854
2021,20,15.0,0.0,20
2021,0,15.0,0.0,20
2021,14,15.0,0.0,852
2021,14,15.0,0.0,841
2021,18,15.0,0.0,849
2021,2,15.0,0.0,1
2021,13,15.0,0.0,841
2021,15,15.0,0.0,841
2021,16,15.0,0.0,8
2021,13,15.0,0.0,8
2021,6,15.0,0.0,846
2021,16,15.0,0.0,852
2021,16,15.0,0.0,9
2021,18,15.0,0.0,854
2021,19,15.0,0.0,844
2021,13,15.0,0.0,847
2021,14,15.0,0.0,849
2021,1,15.0,0.0,822
2021,15,15.0,0.0,852
2021,18,15.0,0.0,841
2021,12,15.0,0.0,8
2021,4,15.0,0.0,815
2021,18,16.0,0.0,854
2021,11,16.0,0.0,847
2021,19,16.0,0.0,849
2021,16,16.0,0.0,852
2021,16,16.0,0.0,849
2021,7,16.0,0.0,844
2021,19,16.0,0.0,854
2021,18,16.0,0.0,849
2021,0,16.0,0.0,815
2021,2,16.0,0.0,822
2021,17,16.0,0.0,854
2021,0,16.0,0.0,849
2021,16,16.0,0.0,853
2021,17,16.0,0.0,841
2021,5,16.0,0.0,4
2021,16,16.0,0.0,854
2021,16,16.0,0.0,847
2021,17,16.0,0.0,20
2021,5,17.0,0.0,842
2021,19,17.0,0.0,853
2021,19,17.0,0.0,854
2021,10,17.0,0.0,4
2021,15,17.0,0.0,847
2021,17,17.0,0.0,8
2021,16,17.0,0.0,849
2021,11,17.0,0.0,20
2021,4,17.0,0.0,815
2021,18,17.0,0.0,853
2021,11,17.0,0.0,847
2021,4,17.0,0.0,1
2021,12,17.0,0.0,852
2021,15,17.0,0.0,849
2021,17,17.0,0.0,853
2021,13,17.0,0.0,849
2021,5,17.0,0.0,815
2021,14,17.0,0.0,841
2021,17,18.0,0.0,849
2021,8,18.0,0.0,822
2021,18,18.0,0.0,849
2021,18,18.0,0.0,854
2021,20,18.0,0.0,854
2021,3,18.0,0.0,830
2021,16,18.0,0.0,849
2021,20,18.0,0.0,853
2021,19,18.0,0.0,854
2021,7,18.0,0.0,844
2021,0,18.0,0.0,8
2021,17,18.0,0.0,854
2021,1,18.0,0.0,830
2021,15,18.0,0.0,853
2021,10,18.0,0.0,20
2021,19,18.0,0.0,4
2021,17,18.0,0.0,847
2021,9,19.0,0.0,4
2021,12,19.0,0.0,847
2021,20,19.0,0.0,853
2021,3,19.0,0.0,822
2021,19,19.0,0.0,840
2021,15,19.0,0.0,854
2021,10,19.0,0.0,847
2021,8,19.0,0.0,20
2021,12,19.0,0.0,840
2021,0,19.0,0.0,815
2021,14,19.0,0.0,852
2021,0,19.0,0.0,842
2021,18,19.0,0.0,849
2021,14,19.0,0.0,854
2021,11,19.0,0.0,839
2021,11,19.0,0.0,817
2021,17,19.0,0.0,849
2021,14,19.0,0.0,847
2021,18,19.0,0.0,8
2021,19,20.0,0.0,853
2021,14,20.0,0.0,849
2021,15,20.0,0.0,8
2021,16,20.0,0.0,852
2021,1,20.0,0.0,844
2021,12,20.0,0.0,839
2021,18,20.0,0.0,853
2021,6,20.0,0.0,842
2021,17,20.0,0.0,839
2021,1,20.0,0.0,830
2021,10,20.0,0.0,20
2021,19,20.0,0.0,840
2021,0,20.0,0.0,852
2021,14,20.0,0.0,854
2021,8,20.0,0.0,842
2021,17,20.0,0.0,852
2021,14,20.0,0.0,840
2021,6,20.0,0.0,822
2021,19,20.0,0.0,854
2021,20,20.0,0.0,853
2022,1,1.0,26.0,844
2022,4,1.0,25.0,830
2022,1,1.0,26.0,830
2022,3,1.0,26.0,830
2022,2,1.0,25.0,830
2022,3,1.0,25.0,815
2022,3,1.0,25.0,830
2022,1,1.0,25.0,830
2022,1,1.0,25.0,832
2022,2,1.0,25.0,844
2022,10,1.0,25.0,830
2022,14,1.0,26.0,830
2022,7,1.0,25.0,830
2022,2,1.0,25.0,815
2022,1,1.0,26.0,847
2022,3,2.0,18.0,832
2022,2,2.0,19.0,844
2022,3,2.0,18.0,815
2022,1,2.0,18.0,844
2022,5,2.0,19.0,815
2022,2,2.0,18.0,832
2022,2,2.0,19.0,815
2022,3,2.0,19.0,832
2022,4,2.0,18.0,815
2022,1,2.0,19.0,830
2022,4,2.0,18.0,1
2022,7,2.0,19.0,1
2022,2,2.0,18.0,815
2022,6,2.0,18.0,847
2022,3,2.0,18.0,1
2022,2,2.0,18.0,1
2022,3,2.0,18.0,844
2022,5,3.0,15.0,1
2022,3,3.0,15.0,832
2022,6,3.0,15.0,847
2022,5,3.0,15.0,846
2022,2,3.0,15.0,832
2022,4,3.0,15.0,847
2022,4,3.0,15.0,830
2022,5,3.0,15.0,847
2022,4,3.0,15.0,1
2022,5,3.0,16.0,1
2022,8,3.0,15.0,1
2022,1,3.0,15.0,847
2022,1,3.0,15.0,832
2022,2,3.0,15.0,844
2022,2,3.0,15.0,847
2022,4,3.0,15.0,832
2022,12,3.0,15.0,844
2022,4,3.0,15.0,815
2022,7,3.0,15.0,832
2022,2,3.0,15.0,815
2022,9,4.0,12.0,847
2022,1,4.0,12.0,815
2022,5,4.0,12.0,1
2022,11,4.0,12.0,847
2022,4,4.0,12.0,815
2022,3,4.0,12.0,832
2022,1,4.0,12.0,844
2022,7,4.0,12.0,1
2022,8,4.0,12.0,847
2022,3,4.0,12.0,844
2022,4,4.0,12.0,847
2022,3,4.0,12.0,815
2022,2,4.0,12.0,832
2022,5,4.0,12.0,847
2022,4,4.0,12.0,1
2022,18,4.0,12.0,832
2022,6,4.0,12.0,846
2022,5,4.0,12.0,839
2022,9,4.0,12.0,815
2022,2,4.0,13.0,847
2022,5,4.0,12.0,844
2022,4,4.0,12.0,832
2022,7,5.0,10.0,825
2022,6,5.0,10.0,847
2022,4,5.0,10.0,846
2022,7,5.0,10.0,822
2022,12,5.0,10.0,847
2022,6,5.0,10.0,1
2022,6,5.0,10.0,842
2022,19,5.0,10.0,844
2022,7,5.0,10.0,4
2022,6,5.0,10.0,839
2022,19,5.0,11.0,832
2022,11,5.0,10.0,815
2022,3,5.0,10.0,4
2022,5,5.0,10.0,815
2022,19,5.0,10.0,1
2022,16,5.0,10.0,817
2022,4,5.0,11.0,847
2022,5,5.0,10.0,832
2022,17,5.0,10.0,4
2022,6,6.0,8.0,822
2022,5,6.0,8.0,839
2022,7,6.0,8.0,817
2022,2,6.0,8.0,844
2022,6,6.0,8.0,1
2022,7,6.0,8.0,822
2022,5,6.0,9.0,846
2022,9,6.0,8.0,20
2022,7,6.0,8.0,839
2022,6,6.0,8.0,846
2022,9,6.0,8.0,854
2022,7,6.0,8.0,4
2022,3,6.0,8.0,844
2022,15,6.0,8.0,844
2022,13,6.0,8.0,4
2022,13,6.0,9.0,815
2022,11,6.0,8.0,840
2022,7,6.0,8.0,844
2022,3,6.0,8.0,830
2022,7,6.0,9.0,846
2022,11,7.0,6.0,839
2022,11,7.0,6.0,846
2022,8,7.0,6.0,839
2022,12,7.0,6.0,852
2022,5,7.0,6.0,822
2022,12,7.0,6.0,839
2022,7,7.0,6.0,4
2022,10,7.0,6.0,4
2022,11,7.0,6.0,822
2022,2,7.0,6.0,830
2022,10,7.0,6.0,846
2022,5,7.0,6.0,846
2022,4,7.0,6.0,846
2022,16,7.0,6.0,839
2022,7,7.0,6.0,846
2022,3,7.0,6.0,846
2022,8,7.0,6.0,830
2022,14,7.0,6.0,4
2022,11,7.0,6.0,817
2022,4,7.0,6.0,815
2022,16,8.0,4.0,852
2022,9,8.0,4.0,842
2022,12,8.0,4.0,822
2022,13,8.0,4.0,20
2022,20,8.0,4.0,839
2022,11,8.0,4.0,846
2022,8,8.0,4.0,1
2022,12,8.0,4.0,817
2022,10,8.0,4.0,855
2022,19,8.0,4.0,854
2022,7,8.0,4.0,825
2022,10,8.0,4.0,839
2022,6,8.0,4.0,4
2022,10,8.0,4.0,20
2022,3,8.0,4.0,832
2022,5,8.0,4.0,842
2022,8,8.0,4.0,847
2022,16,8.0,4.0,839
2022,14,8.0,4.0,840
2022,8,9.0,2.0,4
2022,10,9.0,2.0,825
2022,11,9.0,2.0,842
2022,8,9.0,2.0,825
2022,18,9.0,2.0,848
2022,20,9.0,2.0,4
2022,12,9.0,2.0,822
2022,11,9.0,2.0,846
2022,2,9.0,2.0,4
2022,18,9.0,2.0,20
2022,11,9.0,2.0,817
2022,9,9.0,2.0,817
2022,5,9.0,2.0,839
2022,0,9.0,2.0,842
2022,12,9.0,2.0,839
2022,8,9.0,2.0,856
2022,3,9.0,2.0,1
2022,20,9.0,2.0,849
2022,13,9.0,2.0,825
2022,8,9.0,2.0,846
2022,14,9.0,2.0,822
2022,13,9.0,2.0,817
2022,15,10.0,1.0,855
2022,15,10.0,1.0,1
2022,20,10.0,1.0,848
2022,15,10.0,1.0,840
2022,0,10.0,1.0,840
2022,13,10.0,1.0,852
2022,9,10.0,1.0,20
2022,13,10.0,1.0,839
2022,17,10.0,1.0,840
2022,17,10.0,1.0,825
2022,19,10.0,1.0,4
2022,18,10.0,1.0,20
2022,6,10.0,1.0,848
2022,10,10.0,1.0,840
2022,9,10.0,1.0,855
2022,7,10.0,1.0,842
2022,10,10.0,1.0,846
2022,19,10.0,1.0,852
2022,6,10.0,1.0,822
2022,12,11.0,0.0,854
2022,12,11.0,0.0,855
2022,14,11.0,0.0,855
2022,18,11.0,0.0,848
2022,11,11.0,0.0,4
2022,16,11.0,0.0,20
2022,17,11.0,0.0,842
2022,15,11.0,0.0,822
2022,9,11.0,0.0,817
2022,20,11.0,0.0,840
2022,0,11.0,0.0,822
2022,12,11.0,0.0,20
2022,14,11.0,0.0,840
2022,9,11.0,0.0,840
2022,11,11.0,0.0,842
2022,14,11.0,0.0,839
2022,11,11.0,0.0,817
2022,0,11.0,0.0,839
2022,14,11.0,0.0,842
2022,9,11.0,0.0,20
2022,11,11.0,0.0,852
2022,19,12.0,0.0,840
2022,17,12.0,0.0,807
2022,17,12.0,0.0,842
2022,9,12.0,0.0,852
2022,9,12.0,0.0,817
2022,10,12.0,0.0,839
2022,17,12.0,0.0,848
2022,16,12.0,0.0,20
2022,10,12.0,0.0,849
2022,15,12.0,0.0,848
2022,14,12.0,0.0,842
2022,0,12.0,0.0,842
2022,17,12.0,0.0,846
2022,17,12.0,0.0,854
2022,9,12.0,0.0,825
2022,18,12.0,0.0,855
2022,13,12.0,0.0,855
2022,15,12.0,0.0,855
2022,14,13.0,0.0,848
2022,13,13.0,0.0,840
2022,15,13.0,0.0,854
2022,14,13.0,0.0,1
2022,14,13.0,0.0,817
2022,14,13.0,0.0,842
2022,8,13.0,0.0,852
2022,12,13.0,0.0,848
2022,12,13.0,0.0,840
2022,13,13.0,0.0,848
2022,12,13.0,0.0,855
2022,0,13.0,0.0,852
2022,8,13.0,0.0,854
2022,15,13.0,0.0,822
2022,12,13.0,0.0,854
2022,13,13.0,0.0,852
2022,8,13.0,0.0,848
2022,19,13.0,0.0,848
2022,18,14.0,0.0,817
2022,16,14.0,0.0,848
2022,16,14.0,0.0,825
2022,16,14.0,0.0,839
2022,19,14.0,0.0,849
2022,10,14.0,0.0,854
2022,18,14.0,0.0,840
2022,20,14.0,0.0,854
2022,15,14.0,0.0,842
2022,13,14.0,0.0,852
2022,13,14.0,0.0,855
2022,11,14.0,0.0,822
2022,15,14.0,0.0,854
2022,18,14.0,0.0,855
2022,19,14.0,0.0,20
2022,20,14.0,0.0,852
2022,0,14.0,0.0,847
2022,18,14.0,0.0,825
2022,11,14.0,0.0,842
2022,16,14.0,0.0,20
2022,10,14.0,0.0,842
2022,17,14.0,0.0,842
2022,13,15.0,0.0,846
2022,8,15.0,0.0,822
2022,13,15.0,0.0,852
2022,0,15.0,0.0,855
2022,15,15.0,0.0,854
2022,17,15.0,0.0,840
2022,19,15.0,0.0,849
2022,18,15.0,0.0,849
2022,14,15.0,0.0,846
2022,15,15.0,0.0,839
2022,14,15.0,0.0,842
2022,17,15.0,0.0,854
2022,9,15.0,0.0,817
2022,7,15.0,0.0,817
2022,18,15.0,0.0,825
2022,10,15.0,0.0,849
2022,10,15.0,0.0,852
2022,12,15.0,0.0,822
2022,16,15.0,0.0,854
2022,20,15.0,0.0,840
2022,19,15.0,0.0,848
2022,18,15.0,0.0,822
2022,20,16.0,0.0,849
2022,7,16.0,0.0,4
2022,18,16.0,0.0,849
2022,19,16.0,0.0,849
2022,16,16.0,0.0,825
2022,20,16.0,0.0,855
2022,19,16.0,0.0,840
2022,11,16.0,0.0,842
2022,16,16.0,0.0,852
2022,16,16.0,0.0,855
2022,13,16.0,0.0,825
2022,12,16.0,0.0,825
2022,14,16.0,0.0,855
2022,17,16.0,0.0,839
2022,15,16.0,0.0,817
2022,15,16.0,0.0,854
2022,12,16.0,0.0,854
2022,17,17.0,0.0,807
2022,14,17.0,0.0,817
2022,10,17.0,0.0,4
2022,10,17.0,0.0,854
2022,0,17.0,0.0,20
2022,8,17.0,0.0,825
2022,11,17.0,0.0,852
2022,16,17.0,0.0,825
2022,5,17.0,0.0,825
2022,12,17.0,0.0,822
2022,18,17.0,0.0,20
2022,18,17.0,0.0,849
2022,17,17.0,0.0,848
2022,19,17.0,0.0,854
2022,17,17.0,0.0,817
2022,4,17.0,0.0,817
2022,18,17.0,0.0,848
2022,15,17.0,0.0,854
2022,17,17.0,0.0,849
2022,19,17.0,0.0,825
2022,0,17.0,0.0,852
2022,4,18.0,0.0,815
2022,18,18.0,0.0,849
2022,2,18.0,0.0,830
2022,6,18.0,0.0,817
2022,7,18.0,0.0,842
2022,18,18.0,0.0,848
2022,16,18.0,0.0,848
2022,14,18.0,0.0,855
2022,20,18.0,0.0,852
2022,8,18.0,0.0,847
2022,3,18.0,0.0,832
2022,20,18.0,0.0,825
2022,19,18.0,0.0,849
2022,11,18.0,0.0,849
2022,20,18.0,0.0,849
2022,12,18.0,0.0,840
2022,5,18.0,0.0,4
2022,17,18.0,0.0,842
2022,5,18.0,0.0,840
2022,6,18.0,0.0,846
2022,5,18.0,0.0,1
2022,2,19.0,0.0,830
2022,19,19.0,0.0,852
2022,17,19.0,0.0,20
2022,9,19.0,0.0,4
2022,8,19.0,0.0,846
2022,15,19.0,0.0,855
2022,15,19.0,0.0,854
2022,1,19.0,0.0,844
2022,6,19.0,0.0,854
2022,9,19.0,0.0,855
2022,17,19.0,0.0,849
2022,16,19.0,0.0,852
2022,13,19.0,0.0,822
2022,16,19.0,0.0,822
2022,6,19.0,0.0,4
2022,19,19.0,0.0,849
2022,3,19.0,0.0,832
2022,7,19.0,0.0,822
2022,8,19.0,0.0,825
2022,20,19.0,0.0,849
2022,10,20.0,0.0,842
2022,0,20.0,0.0,854
2022,9,20.0,0.0,832
2022,4,20.0,0.0,832
2022,17,20.0,0.0,855
2022,1,20.0,0.0,844
2022,13,20.0,0.0,825
2022,13,20.0,0.0,815
2022,16,20.0,0.0,848
2022,5,20.0,0.0,815
2022,8,20.0,0.0,852
2022,8,20.0,0.0,822
2022,4,20.0,0.0,1
2022,9,20.0,0.0,852
2022,11,20.0,0.0,20
2022,14,20.0,0.0,855
2022,1,20.0,0.0,832
2022,13,20.0,0.0,852
2022,11,20.0,0.0,817
2022,10,20.0,0.0,4
2023,1,1.0,25.0,830
2023,1,1.0,25.0,815
2023,3,1.0,25.0,815
2023,9,1.0,26.0,830
2023,1,1.0,26.0,830
2023,2,1.0,26.0,830
2023,6,1.0,25.0,830
2023,2,1.0,25.0,830
2023,1,1.0,25.0,832
2023,3,1.0,25.0,830
2023,2,2.0,18.0,815
2023,15,2.0,19.0,830
2023,3,2.0,18.0,1
2023,2,2.0,18.0,830
2023,1,2.0,18.0,815
2023,2,2.0,18.0,4
2023,4,2.0,18.0,1
2023,2,2.0,18.0,844
2023,2,2.0,18.0,846
2023,3,2.0,18.0,846
2023,5,2.0,19.0,4
2023,5,2.0,18.0,815
2023,4,2.0,18.0,846
2023,6,2.0,18.0,857
2023,6,2.0,19.0,1
2023,6,2.0,19.0,846
2023,1,2.0,18.0,844
2023,5,3.0,15.0,4
2023,2,3.0,15.0,4
2023,4,3.0,15.0,4
2023,1,3.0,15.0,844
2023,3,3.0,15.0,839
2023,12,3.0,15.0,847
2023,3,3.0,15.0,1
2023,15,3.0,15.0,815
2023,7,3.0,15.0,1
2023,9,3.0,15.0,815
2023,12,3.0,15.0,842
2023,1,3.0,15.0,832
2023,5,3.0,16.0,1
2023,2,3.0,15.0,857
2023,10,3.0,15.0,846
2023,4,3.0,15.0,832
2023,11,3.0,15.0,815
2023,4,3.0,15.0,847
2023,4,4.0,12.0,832
2023,3,4.0,12.0,847
2023,6,4.0,12.0,840
2023,6,4.0,12.0,4
2023,6,4.0,12.0,847
2023,5,4.0,13.0,1
2023,11,4.0,12.0,815
2023,10,4.0,12.0,844
2023,4,4.0,12.0,846
2023,3,4.0,12.0,857
2023,1,4.0,12.0,1
2023,3,4.0,13.0,1
2023,7,4.0,12.0,815
2023,3,4.0,12.0,844
2023,4,4.0,12.0,844
2023,2,4.0,12.0,847
2023,9,4.0,12.0,815
2023,2,4.0,12.0,832
2023,16,4.0,12.0,839
2023,7,5.0,10.0,1
2023,0,5.0,11.0,815
2023,4,5.0,10.0,832
2023,3,5.0,10.0,832
2023,8,5.0,10.0,847
2023,2,5.0,10.0,832
2023,11,5.0,10.0,832
2023,7,5.0,10.0,4
2023,6,5.0,10.0,847
2023,4,5.0,10.0,857
2023,9,5.0,10.0,4
2023,6,5.0,10.0,832
2023,4,5.0,10.0,847
2023,11,5.0,10.0,830
2023,5,5.0,10.0,844
2023,5,5.0,10.0,847
2023,17,5.0,10.0,846
2023,3,5.0,10.0,840
2023,19,5.0,10.0,840
2023,5,5.0,10.0,846
2023,8,6.0,8.0,840
2023,4,6.0,8.0,832
2023,13,6.0,8.0,846
2023,5,6.0,8.0,1
2023,13,6.0,8.0,1
2023,6,6.0,8.0,844
2023,5,6.0,8.0,840
2023,12,6.0,9.0,815
2023,3,6.0,8.0,832
2023,15,6.0,8.0,815
2023,18,6.0,8.0,847
2023,8,6.0,8.0,847
2023,8,6.0,8.0,1
2023,12,6.0,8.0,842
2023,6,6.0,8.0,832
2023,4,6.0,8.0,4
2023,7,6.0,8.0,842
2023,7,6.0,8.0,832
2023,12,6.0,8.0,832
2023,3,6.0,8.0,857
2023,6,7.0,6.0,847
2023,12,7.0,6.0,844
2023,10,7.0,6.0,807
2023,9,7.0,6.0,840
2023,7,7.0,6.0,844
2023,7,7.0,6.0,842
2023,8,7.0,6.0,4
2023,9,7.0,6.0,848
2023,11,7.0,6.0,847
2023,9,7.0,6.0,4
2023,6,7.0,6.0,844
2023,7,7.0,6.0,846
2023,2,7.0,6.0,846
2023,6,7.0,6.0,848
2023,17,7.0,6.0,857
2023,8,7.0,6.0,847
2023,8,7.0,6.0,839
2023,0,7.0,6.0,840
2023,4,7.0,6.0,817
2023,15,7.0,6.0,842
2023,10,7.0,6.0,1
2023,7,7.0,6.0,4
2023,12,8.0,4.0,822
2023,6,8.0,4.0,839
2023,16,8.0,4.0,857
2023,11,8.0,5.0,847
2023,5,8.0,4.0,842
2023,4,8.0,4.0,832
2023,5,8.0,4.0,1
2023,8,8.0,4.0,848
2023,11,8.0,4.0,832
2023,14,8.0,4.0,839
2023,4,8.0,4.0,848
2023,9,8.0,4.0,846
2023,13,8.0,4.0,815
2023,10,8.0,4.0,4
2023,9,8.0,4.0,822
2023,11,8.0,5.0,852
2023,7,8.0,4.0,857
2023,3,8.0,4.0,847
2023,6,8.0,4.0,852
2023,20,9.0,2.0,842
2023,9,9.0,2.0,842
2023,17,9.0,2.0,855
2023,7,9.0,2.0,846
2023,8,9.0,2.0,839
2023,10,9.0,2.0,846
2023,13,9.0,2.0,855
2023,16,9.0,2.0,840
2023,6,9.0,2.0,840
2023,4,9.0,2.0,844
2023,8,9.0,2.0,4
2023,10,9.0,2.0,840
2023,8,9.0,2.0,857
2023,10,9.0,2.0,4
2023,10,9.0,2.0,859
2023,14,9.0,2.0,839
2023,19,9.0,2.0,855
2023,15,9.0,2.0,848
2023,14,9.0,2.0,848
2023,16,9.0,2.0,852
2023,9,9.0,2.0,4
2023,11,9.0,2.0,1
2023,15,10.0,1.0,848
2023,13,10.0,1.0,825
2023,12,10.0,1.0,852
2023,8,10.0,1.0,852
2023,4,10.0,1.0,825
2023,11,10.0,1.0,857
2023,10,10.0,1.0,842
2023,14,10.0,1.0,822
2023,9,10.0,1.0,842
2023,5,10.0,1.0,832
2023,14,10.0,1.0,840
2023,11,10.0,1.0,852
2023,16,10.0,1.0,839
2023,6,10.0,1.0,825
2023,12,10.0,1.0,842
2023,0,10.0,1.0,815
2023,16,10.0,1.0,858
2023,15,10.0,1.0,839
2023,14,10.0,1.0,839
2023,18,10.0,2.0,857
2023,13,10.0,1.0,840
2023,14,11.0,0.0,852
2023,16,11.0,0.0,852
2023,0,11.0,0.0,822
2023,10,11.0,0.0,857
2023,17,11.0,0.0,852
2023,15,11.0,0.0,822
2023,19,11.0,0.0,844
2023,8,11.0,0.0,857
2023,10,11.0,0.0,848
2023,14,11.0,0.0,858
2023,16,11.0,0.0,848
2023,12,11.0,0.0,842
2023,11,11.0,0.0,840
2023,12,11.0,0.0,859
2023,14,11.0,0.0,848
2023,11,11.0,0.0,859
2023,16,11.0,0.0,840
2023,0,11.0,0.0,807
2023,11,11.0,0.0,842
2023,19,11.0,0.0,858
2023,4,11.0,0.0,842
2023,15,11.0,0.0,817
2023,16,12.0,0.0,858
2023,10,12.0,0.0,807
2023,5,12.0,0.0,832
2023,12,12.0,0.0,848
2023,18,12.0,0.0,840
2023,12,12.0,0.0,856
2023,15,12.0,0.0,852
2023,15,12.0,0.0,842
2023,17,12.0,0.0,855
2023,20,12.0,0.0,822
2023,7,12.0,0.0,822
2023,13,12.0,0.0,822
2023,14,12.0,0.0,807
2023,7,12.0,0.0,857
2023,0,12.0,0.0,855
2023,9,12.0,0.0,852
2023,7,12.0,0.0,842
2023,18,12.0,0.0,852
2023,11,12.0,0.0,807
2023,5,12.0,0.0,848
2023,12,12.0,0.0,839
2023,17,13.0,0.0,825
2023,11,13.0,0.0,855
2023,9,13.0,0.0,842
2023,16,13.0,0.0,825
2023,10,13.0,0.0,822
2023,19,13.0,0.0,855
2023,9,13.0,0.0,857
2023,7,13.0,0.0,846
2023,18,13.0,0.0,858
2023,11,13.0,0.0,807
2023,13,13.0,0.0,817
2023,17,13.0,0.0,855
2023,19,13.0,0.0,859
2023,15,13.0,0.0,858
2023,9,13.0,0.0,807
2023,13,13.0,0.0,848
2023,12,13.0,0.0,855
2023,12,13.0,0.0,807
2023,17,13.0,0.0,817
2023,8,13.0,0.0,825
2023,10,13.0,0.0,842
2023,19,14.0,0.0,856
2023,18,14.0,0.0,856
2023,11,14.0,0.0,839
2023,17,14.0,0.0,842
2023,11,14.0,0.0,848
2023,13,14.0,0.0,848
2023,14,14.0,0.0,856
2023,19,14.0,0.0,852
2023,12,14.0,0.0,839
2023,12,14.0,0.0,840
2023,10,14.0,0.0,807
2023,15,14.0,0.0,848
2023,18,14.0,0.0,822
2023,16,14.0,0.0,855
2023,18,14.0,0.0,858
2023,18,14.0,0.0,807
2023,18,14.0,0.0,825
2023,0,14.0,0.0,825
2023,10,14.0,0.0,855
2023,10,14.0,0.0,857
2023,14,14.0,0.0,817
2023,14,14.0,0.0,848
2023,10,15.0,0.0,807
2023,8,15.0,0.0,857
2023,15,15.0,0.0,856
2023,0,15.0,0.0,839
2023,12,15.0,0.0,807
2023,9,15.0,0.0,852
2023,7,15.0,0.0,807
2023,5,15.0,0.0,807
2023,14,15.0,0.0,822
2023,17,15.0,0.0,855
2023,17,15.0,0.0,852
2023,16,15.0,0.0,825
2023,17,15.0,0.0,842
2023,7,15.0,0.0,4
2023,15,15.0,0.0,825
2023,11,15.0,0.0,852
2023,14,15.0,0.0,817
2023,9,15.0,0.0,822
2023,8,15.0,0.0,847
2023,8,15.0,0.0,807
2023,13,16.0,0.0,855
2023,20,16.0,0.0,858
2023,18,16.0,0.0,858
2023,14,16.0,0.0,858
2023,14,16.0,0.0,855
2023,20,16.0,0.0,815
2023,18,16.0,0.0,848
2023,20,16.0,0.0,855
2023,13,16.0,0.0,857
2023,16,16.0,0.0,852
2023,5,16.0,0.0,855
2023,19,16.0,0.0,817
2023,0,16.0,0.0,825
2023,20,16.0,0.0,840
2023,2,16.0,0.0,847
2023,13,16.0,0.0,848
2023,14,16.0,0.0,807
2023,0,16.0,0.0,4
2023,19,16.0,0.0,858
2023,18,16.0,0.0,822
2023,6,16.0,0.0,858
2023,11,17.0,0.0,846
2023,19,17.0,0.0,846
2023,14,17.0,0.0,825
2023,0,17.0,0.0,807
2023,16,17.0,0.0,846
2023,18,17.0,0.0,807
2023,3,17.0,0.0,846
2023,13,17.0,0.0,825
2023,0,17.0,0.0,856
2023,18,17.0,0.0,856
2023,19,17.0,0.0,825
2023,18,17.0,0.0,858
2023,3,17.0,0.0,847
2023,13,17.0,0.0,807
2023,16,17.0,0.0,822
2023,0,17.0,0.0,858
2023,17,17.0,0.0,859
2023,10,17.0,0.0,857
2023,0,17.0,0.0,840
2023,20,17.0,0.0,855
2023,7,17.0,0.0,822
2023,19,17.0,0.0,855
2023,9,18.0,0.0,839
2023,14,18.0,0.0,822
2023,2,18.0,0.0,847
2023,13,18.0,0.0,822
2023,15,18.0,0.0,856
2023,16,18.0,0.0,858
2023,17,18.0,0.0,825
2023,17,18.0,0.0,856
2023,0,18.0,0.0,825
2023,10,18.0,0.0,842
2023,20,18.0,0.0,858
2023,0,18.0,0.0,807
2023,15,18.0,0.0,855
2023,19,18.0,0.0,825
2023,8,18.0,0.0,839
2023,17,18.0,0.0,840
2023,15,18.0,0.0,858
2023,13,18.0,0.0,4
2023,12,18.0,0.0,825
2023,20,18.0,0.0,852
2023,16,18.0,0.0,832
2023,3,19.0,0.0,844
2023,17,19.0,0.0,848
2023,8,19.0,0.0,848
2023,15,19.0,0.0,855
2023,19,19.0,0.0,857
2023,17,19.0,0.0,825
2023,16,19.0,0.0,822
2023,4,19.0,0.0,847
2023,16,19.0,0.0,852
2023,19,19.0,0.0,825
2023,12,19.0,0.0,839
2023,4,19.0,0.0,832
2023,9,19.0,0.0,844
2023,18,19.0,0.0,839
2023,15,19.0,0.0,852
2023,5,19.0,0.0,815
2023,3,19.0,0.0,1
2023,16,19.0,0.0,825
2023,13,19.0,0.0,848
2023,13,19.0,0.0,807
2023,18,19.0,0.0,822
2023,18,20.0,0.0,857
2023,5,20.0,0.0,840
2023,7,20.0,0.0,844
2023,18,20.0,0.0,856
2023,20,20.0,0.0,858
2023,14,20.0,0.0,840
2023,18,20.0,0.0,858
2023,8,20.0,0.0,807
2023,13,20.0,0.0,839
2023,15,20.0,0.0,842
2023,5,20.0,0.0,857
2023,10,20.0,0.0,858
2023,11,20.0,0.0,852
2023,0,20.0,0.0,840
2023,16,20.0,0.0,822
2023,12,20.0,0.0,832
2023,1,20.0,0.0,844
2023,5,20.0,0.0,815
2023,0,20.0,0.0,844
2023,15,20.0,0.0,846
2023,17,20.0,0.0,825
2024,1,1.0,26.0,830
2024,1,1.0,25.0,830
2024,2,1.0,25.0,832
2024,5,1.0,25.0,846
2024,1,1.0,25.0,844
2024,2,1.0,25.0,830
2024,3,1.0,25.0,847
2024,2,1.0,25.0,1
2024,2,1.0,25.0,857
2024,3,1.0,25.0,1
2024,1,1.0,26.0,846
2024,4,1.0,25.0,844
2024,1,1.0,25.0,846
2024,1,1.0,25.0,832
2024,17,1.0,26.0,830
2024,1,1.0,25.0,847
2024,5,2.0,18.0,815
2024,3,2.0,18.0,815
2024,4,2.0,19.0,844
2024,2,2.0,18.0,815
2024,4,2.0,18.0,846
2024,1,2.0,18.0,830
2024,2,2.0,18.0,846
2024,2,2.0,18.0,857
2024,3,2.0,18.0,846
2024,1,2.0,19.0,846
2024,7,2.0,18.0,857
2024,4,2.0,18.0,830
2024,1,2.0,18.0,846
2024,5,2.0,18.0,857
2024,2,2.0,18.0,830
2024,1,2.0,18.0,844
2024,3,2.0,18.0,832
2024,4,2.0,18.0,839
2024,10,2.0,18.0,1
2024,5,2.0,18.0,844
2024,4,3.0,15.0,832
2024,2,3.0,16.0,844
2024,3,3.0,15.0,846
2024,2,3.0,15.0,815
2024,2,3.0,15.0,844
2024,3,3.0,15.0,844
2024,3,3.0,15.0,832
2024,1,3.0,15.0,847
2024,3,3.0,15.0,1
2024,5,3.0,15.0,1
2024,1,3.0,15.0,844
2024,6,3.0,15.0,844
2024,1,3.0,16.0,846
2024,5,3.0,15.0,847
2024,5,3.0,15.0,857
2024,2,3.0,15.0,830
2024,4,3.0,16.0,844
2024,13,3.0,15.0,842
2024,2,3.0,15.0,832
2024,4,3.0,15.0,857
2024,19,3.0,15.0,844
2024,2,4.0,12.0,844
2024,5,4.0,12.0,857
2024,8,4.0,12.0,844
2024,6,4.0,12.0,844
2024,4,4.0,12.0,815
2024,4,4.0,12.0,846
2024,7,4.0,13.0,1
2024,4,4.0,12.0,847
2024,5,4.0,12.0,1
2024,11,4.0,12.0,830
2024,3,4.0,12.0,857
2024,5,4.0,12.0,832
2024,15,4.0,13.0,846
2024,1,4.0,12.0,846
2024,6,4.0,12.0,1
2024,2,4.0,12.0,847
2024,4,4.0,12.0,844
2024,1,4.0,12.0,847
2024,16,4.0,12.0,1
2024,3,5.0,10.0,847
2024,4,5.0,10.0,4
2024,6,5.0,10.0,815
2024,3,5.0,10.0,846
2024,7,5.0,10.0,832
2024,3,5.0,10.0,832
2024,4,5.0,10.0,832
2024,5,5.0,10.0,847
2024,4,5.0,10.0,857
2024,5,5.0,10.0,844
2024,1,5.0,10.0,830
2024,7,5.0,11.0,832
2024,3,5.0,10.0,830
2024,4,5.0,10.0,846
2024,10,5.0,10.0,832
2024,6,5.0,10.0,1
2024,6,5.0,10.0,830
2024,9,5.0,10.0,844
2024,5,5.0,10.0,857
2024,6,5.0,10.0,844
2024,5,5.0,10.0,830
2024,11,5.0,10.0,842
2024,6,5.0,10.0,847
2024,7,6.0,8.0,846
2024,7,6.0,8.0,847
2024,9,6.0,8.0,840
2024,5,6.0,8.0,4
2024,8,6.0,8.0,847
2024,8,6.0,8.0,1
2024,6,6.0,8.0,830
2024,6,6.0,8.0,4
2024,6,6.0,8.0,832
2024,9,6.0,8.0,807
2024,6,6.0,8.0,807
2024,4,6.0,8.0,832
2024,7,6.0,8.0,832
2024,5,6.0,8.0,815
2024,7,6.0,8.0,830
2024,7,6.0,8.0,4
2024,3,6.0,8.0,1
2024,20,6.0,8.0,847
2024,2,6.0,8.0,830
2024,1,6.0,8.0,846
2024,6,6.0,9.0,846
2024,4,6.0,8.0,830
2024,9,7.0,6.0,1
2024,11,7.0,6.0,860
2024,8,7.0,6.0,852
2024,9,7.0,6.0,847
2024,3,7.0,7.0,4
2024,10,7.0,6.0,852
2024,6,7.0,7.0,847
2024,7,7.0,7.0,1
2024,9,7.0,6.0,840
2024,9,7.0,6.0,857
2024,8,7.0,6.0,815
2024,8,7.0,6.0,840
2024,16,7.0,6.0,815
2024,2,7.0,7.0,815
2024,4,7.0,6.0,847
2024,3,7.0,6.0,847
2024,9,7.0,6.0,848
2024,10,7.0,6.0,832
2024,9,7.0,6.0,815
2024,7,7.0,6.0,825
2024,3,7.0,6.0,852
2024,8,7.0,6.0,857
2024,8,7.0,6.0,4
2024,5,7.0,6.0,842
2024,8,8.0,4.0,857
2024,6,8.0,4.0,846
2024,10,8.0,4.0,4
2024,6,8.0,4.0,857
2024,5,8.0,4.0,857
2024,7,8.0,4.0,847
2024,11,8.0,4.0,815
2024,8,8.0,4.0,852
2024,5,8.0,4.0,817
2024,12,8.0,4.0,825
2024,17,8.0,5.0,847
2024,8,8.0,4.0,4
2024,14,8.0,4.0,1
2024,8,8.0,4.0,815
2024,8,8.0,4.0,861
2024,7,8.0,4.0,4
2024,11,8.0,4.0,807
2024,17,8.0,4.0,857
2024,9,8.0,4.0,807
2024,12,8.0,4.0,855
2024,7,8.0,4.0,807
2024,6,9.0,2.0,4
2024,8,9.0,2.0,1
2024,16,9.0,2.0,807
2024,7,9.0,2.0,1
2024,18,9.0,2.0,1
2024,15,9.0,2.0,4
2024,13,9.0,2.0,840
2024,9,9.0,2.0,848
2024,15,9.0,2.0,842
2024,7,9.0,2.0,842
2024,11,9.0,2.0,817
2024,10,9.0,2.0,852
2024,9,9.0,2.0,839
2024,9,9.0,2.0,842
2024,0,9.0,2.0,1
2024,6,9.0,2.0,807
2024,19,9.0,2.0,859
2024,10,9.0,2.0,807
2024,5,9.0,2.0,859
2024,7,9.0,2.0,852
2024,10,9.0,2.0,825
2024,8,9.0,2.0,4
2024,12,10.0,1.0,840
2024,15,10.0,1.0,807
2024,14,10.0,1.0,825
2024,10,10.0,1.0,852
2024,9,10.0,1.0,807
2024,13,10.0,1.0,839
2024,7,10.0,1.0,852
2024,10,10.0,1.0,842
2024,18,10.0,1.0,839
2024,8,10.0,1.0,839
2024,13,10.0,1.0,842
2024,13,10.0,1.0,852
2024,8,10.0,1.0,840
2024,13,10.0,1.0,817
2024,7,10.0,1.0,4
2024,13,10.0,1.0,825
2024,10,10.0,1.0,860
2024,13,10.0,1.0,815
2024,15,10.0,1.0,861
2024,8,10.0,1.0,842
2024,14,10.0,1.0,1
2024,15,10.0,1.0,815
2024,3,10.0,2.0,846
2024,2,10.0,1.0,857
2024,17,11.0,0.0,855
2024,12,11.0,0.0,848
2024,12,11.0,0.0,807
2024,13,11.0,0.0,839
2024,9,11.0,0.0,807
2024,10,11.0,0.0,807
2024,14,11.0,0.0,4
2024,17,11.0,0.0,807
2024,13,11.0,0.0,807
2024,6,11.0,0.0,844
2024,12,11.0,0.0,858
2024,7,11.0,0.0,4
2024,15,11.0,0.0,840
2024,11,11.0,0.0,4
2024,12,11.0,0.0,861
2024,8,11.0,0.0,825
2024,14,11.0,0.0,840
2024,12,11.0,0.0,815
2024,16,11.0,0.0,4
2024,13,11.0,0.0,822
2024,18,11.0,0.0,848
2024,15,12.0,0.0,825
2024,13,12.0,0.0,825
2024,18,12.0,0.0,817
2024,16,12.0,0.0,840
2024,14,12.0,0.0,848
2024,12,12.0,0.0,842
2024,18,12.0,0.0,825
2024,12,12.0,0.0,817
2024,14,12.0,0.0,825
2024,10,12.0,0.0,4
2024,10,12.0,0.0,839
2024,17,12.0,0.0,825
2024,9,12.0,0.0,817
2024,10,12.0,0.0,848
2024,13,12.0,0.0,817
2024,18,12.0,0.0,861
2024,18,12.0,0.0,842
2024,8,12.0,0.0,852
2024,6,12.0,0.0,842
2024,16,12.0,0.0,861
2024,15,12.0,0.0,860
2024,12,12.0,0.0,825
2024,6,12.0,0.0,1
2024,11,12.0,0.0,852
2024,14,13.0,0.0,817
2024,17,13.0,0.0,839
2024,17,13.0,0.0,842
2024,18,13.0,0.0,825
2024,15,13.0,0.0,842
2024,6,13.0,0.0,857
2024,9,13.0,0.0,817
2024,17,13.0,0.0,822
2024,0,13.0,0.0,822
2024,15,13.0,0.0,855
2024,17,13.0,0.0,840
2024,15,13.0,0.0,817
2024,11,13.0,0.0,807
2024,12,13.0,0.0,842
2024,8,13.0,0.0,840
2024,12,13.0,0.0,817
2024,15,13.0,0.0,839
2024,7,13.0,0.0,4
2024,0,13.0,0.0,839
2024,11,13.0,0.0,822
2024,13,13.0,0.0,855
2024,14,13.0,0.0,852
2024,11,14.0,0.0,852
2024,19,14.0,0.0,858
2024,13,14.0,0.0,822
2024,16,14.0,0.0,855
2024,19,14.0,0.0,855
2024,12,14.0,0.0,839
2024,13,14.0,0.0,840
2024,8,14.0,0.0,852
2024,14,14.0,0.0,840
2024,14,14.0,0.0,852
2024,11,14.0,0.0,844
2024,13,14.0,0.0,848
2024,17,14.0,0.0,825
2024,19,14.0,0.0,848
2024,15,14.0,0.0,839
2024,17,14.0,0.0,855
2024,17,14.0,0.0,840
2024,10,14.0,0.0,852
2024,15,14.0,0.0,822
2024,9,14.0,0.0,4
2024,0,14.0,0.0,861
2024,17,14.0,0.0,859
2024,13,15.0,0.0,848
2024,9,15.0,0.0,852
2024,19,15.0,0.0,855
2024,15,15.0,0.0,839
2024,11,15.0,0.0,840
2024,20,15.0,0.0,817
2024,17,15.0,0.0,855
2024,15,15.0,0.0,858
2024,0,15.0,0.0,855
2024,18,15.0,0.0,817
2024,16,15.0,0.0,848
2024,16,15.0,0.0,822
2024,15,15.0,0.0,825
2024,14,15.0,0.0,822
2024,14,15.0,0.0,842
2024,0,15.0,0.0,839
2024,20,15.0,0.0,855
2024,13,15.0,0.0,840
2024,18,15.0,0.0,840
2024,17,15.0,0.0,862
2024,10,16.0,0.0,807
2024,14,16.0,0.0,817
2024,15,16.0,0.0,839
2024,17,16.0,0.0,842
2024,17,16.0,0.0,825
2024,16,16.0,0.0,822
2024,15,16.0,0.0,842
2024,18,16.0,0.0,855
2024,12,16.0,0.0,832
2024,12,16.0,0.0,822
2024,18,16.0,0.0,822
2024,18,16.0,0.0,839
2024,20,16.0,0.0,852
2024,18,16.0,0.0,858
2024,19,16.0,0.0,822
2024,14,16.0,0.0,848
2024,12,16.0,0.0,859
2024,0,16.0,0.0,832
2024,14,16.0,0.0,859
2024,18,16.0,0.0,807
2024,14,16.0,0.0,825
2024,19,17.0,0.0,839
2024,16,17.0,0.0,822
2024,7,17.0,0.0,847
2024,19,17.0,0.0,858
2024,20,17.0,0.0,858
2024,11,17.0,0.0,840
2024,11,17.0,0.0,839
2024,10,17.0,0.0,848
2024,16,17.0,0.0,825
2024,20,17.0,0.0,855
2024,0,17.0,0.0,815
2024,14,17.0,0.0,858
2024,18,17.0,0.0,858
2024,11,17.0,0.0,852
2024,10,17.0,0.0,807
2024,4,17.0,0.0,815
2024,18,17.0,0.0,842
2024,18,17.0,0.0,815
2024,16,17.0,0.0,861
2024,9,17.0,0.0,815
2024,12,17.0,0.0,859
2024,20,18.0,0.0,842
2024,20,18.0,0.0,855
2024,11,18.0,0.0,1
2024,12,18.0,0.0,817
2024,14,18.0,0.0,848
2024,16,18.0,0.0,822
2024,16,18.0,0.0,815
2024,0,18.0,0.0,848
2024,15,18.0,0.0,4
2024,14,18.0,0.0,855
2024,19,18.0,0.0,839
2024,16,18.0,0.0,807
2024,0,18.0,0.0,825
2024,3,18.0,0.0,832
2024,16,18.0,0.0,817
2024,12,18.0,0.0,839
2024,13,18.0,0.0,4
2024,7,18.0,0.0,848
2024,19,18.0,0.0,822
2024,15,18.0,0.0,840
2024,9,18.0,0.0,822
2024,16,19.0,0.0,822
2024,10,19.0,0.0,840
2024,1,19.0,0.0,830
2024,11,19.0,0.0,817
2024,19,19.0,0.0,852
2024,18,19.0,0.0,825
2024,20,19.0,0.0,4
2024,19,19.0,0.0,807
2024,11,19.0,0.0,844
2024,17,19.0,0.0,852
2024,19,19.0,0.0,858
2024,1,19.0,0.0,847
2024,18,19.0,0.0,855
2024,19,19.0,0.0,855
2024,17,19.0,0.0,840
2024,13,19.0,0.0,840
2024,14,19.0,0.0,825
2024,9,19.0,0.0,848
2024,17,19.0,0.0,848
2024,19,19.0,0.0,861
2024,20,19.0,0.0,861
2024,18,20.0,0.0,858
2024,18,20.0,0.0,842
2024,14,20.0,0.0,848
2024,10,20.0,0.0,822
2024,17,20.0,0.0,858
2024,20,20.0,0.0,825
2024,13,20.0,0.0,858
2024,19,20.0,0.0,858
2024,2,20.0,0.0,846
2024,19,20.0,0.0,842
2024,0,20.0,0.0,842
2024,6,20.0,0.0,847
2024,17,20.0,0.0,855
2024,16,20.0,0.0,852
2024,11,20.0,0.0,852
2024,11,20.0,0.0,848
2024,17,20.0,0.0,1
2024,17,20.0,0.0,807
2024,3,20.0,0.0,842
2024,20,20.0,0.0,839
2024,10,20.0,0.0,815
2025,1,1.0,25.0,846
2025,1,1.0,25.0,857
2025,1,1.0,25.0,830
2025,2,1.0,25.0,857
2025,4,1.0,25.0,857
2025,2,1.0,25.0,830
2025,1,1.0,25.0,847
2025,3,1.0,25.0,846
2025,1,1.0,25.0,Lando Norris
2025,1,1.0,25.0,Oscar Piastri
2025,1,1.0,25.0,Max Verstappen
2025,2,1.0,25.0,Oscar Piastri
2025,4,1.0,25.0,Oscar Piastri
2025,2,1.0,25.0,Max Verstappen
2025,3,2.0,18.0,830
2025,3,2.0,18.0,846
2025,2,2.0,18.0,846
2025,3,2.0,18.0,847
2025,1,2.0,18.0,830
2025,4,2.0,18.0,846
2025,2,2.0,18.0,844
2025,2,2.0,18.0,830
2025,3,2.0,18.0,857
2025,2,2.0,18.0,857
2025,1,2.0,18.0,846
2025,5,2.0,18.0,847
2025,3,2.0,18.0,Max Verstappen
2025,3,2.0,18.0,Lando Norris
2025,2,2.0,18.0,Lando Norris
2025,3,2.0,18.0,George Russell
2025,1,2.0,18.0,Max Verstappen
2025,4,2.0,18.0,Lando Norris
2025,2,2.0,18.0,Charles Leclerc
2025,4,3.0,15.0,847
2025,2,3.0,15.0,847
2025,3,3.0,15.0,857
2025,6,3.0,15.0,846
2025,4,3.0,15.0,844
2025,5,3.0,15.0,847
2025,1,3.0,15.0,857
2025,7,3.0,15.0,844
2025,4,3.0,15.0,863
2025,2,3.0,15.0,844
2025,19,3.0,15.0,807
2025,3,3.0,15.0,844
2025,4,3.0,15.0,865
2025,2,3.0,15.0,832
2025,5,3.0,15.0,846
2025,5,3.0,15.0,830
2025,4,3.0,15.0,George Russell
2025,2,3.0,15.0,George Russell
2025,3,3.0,15.0,Oscar Piastri
2025,6,3.0,15.0,Lando Norris
2025,4,3.0,15.0,Charles Leclerc
2025,5,3.0,15.0,George Russell
2025,1,3.0,15.0,Oscar Piastri
2025,7,3.0,15.0,Charles Leclerc
2025,16,4.0,12.0,863
2025,4,4.0,12.0,830
2025,4,4.0,12.0,844
2025,2,4.0,12.0,844
2025,10,4.0,12.0,846
2025,1,4.0,12.0,830
2025,12,4.0,12.0,1
2025,4,4.0,12.0,847
2025,3,4.0,12.0,857
2025,4,4.0,12.0,1
2025,5,4.0,12.0,1
2025,1,4.0,12.0,844
2025,5,4.0,12.0,847
2025,4,4.0,12.0,863
2025,9,4.0,12.0,860
2025,16,4.0,12.0,Kimi Antonelli
2025,4,4.0,12.0,Max Verstappen
2025,4,4.0,12.0,Charles Leclerc
2025,2,4.0,12.0,Charles Leclerc
2025,10,4.0,12.0,Lando Norris
2025,1,4.0,12.0,Max Verstappen
2025,12,4.0,12.0,Lewis Hamilton
2025,4,4.0,12.0,George Russell
2025,6,5.0,10.0,848
2025,11,5.0,10.0,839
2025,5,5.0,10.0,847
2025,9,5.0,10.0,1
2025,3,5.0,10.0,847
2025,7,5.0,10.0,848
2025,7,5.0,10.0,1
2025,15,5.0,10.0,807
2025,8,5.0,10.0,844
2025,1,5.0,10.0,830
2025,6,5.0,10.0,847
2025,5,5.0,10.0,4
2025,15,5.0,10.0,848
2025,3,5.0,10.0,859
2025,4,5.0,10.0,863
2025,6,5.0,10.0,857
2025,7,5.0,10.0,857
2025,6,5.0,10.0,Alexander Albon
2025,11,5.0,10.0,Esteban Ocon
2025,5,5.0,10.0,George Russell
2025,9,5.0,10.0,Lewis Hamilton
2025,3,5.0,10.0,George Russell
2025,7,5.0,10.0,Alexander Albon
2025,7,5.0,10.0,Lewis Hamilton
2025,15,5.0,10.0,Nico Hulkenberg
2025,13,6.0,8.0,840
2025,8,6.0,8.0,863
2025,6,6.0,8.0,863
2025,7,6.0,8.0,830
2025,5,6.0,8.0,863
2025,3,6.0,8.0,863
2025,11,6.0,8.0,844
2025,5,6.0,8.0,865
2025,5,6.0,8.0,1
2025,6,6.0,8.0,859
2025,8,6.0,8.0,842
2025,5,6.0,8.0,848
2025,7,6.0,8.0,864
2025,20,6.0,8.0,860
2025,10,6.0,8.0,1
2025,6,6.0,8.0,852
2025,7,6.0,8.0,844
2025,4,6.0,8.0,847
2025,13,6.0,8.0,Lance Stroll
2025,8,6.0,8.0,Kimi Antonelli
2025,6,6.0,8.0,Kimi Antonelli
2025,7,6.0,8.0,Max Verstappen
2025,5,6.0,8.0,Kimi Antonelli
2025,3,6.0,8.0,Kimi Antonelli
2025,11,6.0,8.0,Charles Leclerc
2025,5,6.0,8.0,Isack Hadjar
2025,5,6.0,8.0,Lewis Hamilton
2025,17,7.0,6.0,807
2025,10,7.0,6.0,848
2025,8,7.0,6.0,1
2025,4,7.0,6.0,842
2025,7,7.0,6.0,1
2025,8,7.0,6.0,844
2025,3,7.0,6.0,847
2025,8,7.0,6.0,839
2025,9,7.0,6.0,865
2025,6,7.0,6.0,4
2025,11,7.0,6.0,4
2025,17,7.0,6.0,840
2025,18,7.0,6.0,1
2025,6,7.0,6.0,840
2025,19,7.0,6.0,840
2025,14,7.0,6.0,848
2025,7,7.0,6.0,846
2025,10,7.0,6.0,4
2025,13,7.0,6.0,852
2025,4,7.0,6.0,847
2025,17,7.0,6.0,Nico Hulkenberg
2025,10,7.0,6.0,Alexander Albon
2025,8,7.0,6.0,Lewis Hamilton
2025,4,7.0,6.0,Pierre Gasly
2025,7,7.0,6.0,Lewis Hamilton
2025,8,7.0,6.0,Charles Leclerc
2025,3,7.0,6.0,George Russell
2025,8,7.0,6.0,Esteban Ocon
2025,9,7.0,6.0,Isack Hadjar
2025,7,8.0,4.0,844
2025,17,8.0,4.0,860
2025,7,8.0,4.0,865
2025,14,8.0,4.0,839
2025,6,8.0,4.0,832
2025,12,8.0,4.0,1
2025,9,8.0,4.0,859
2025,8,8.0,4.0,842
2025,11,8.0,4.0,807
2025,8,8.0,4.0,864
2025,13,8.0,4.0,848
2025,10,8.0,4.0,4
2025,7,8.0,4.0,864
2025,6,8.0,4.0,1
2025,3,8.0,4.0,1
2025,7,8.0,4.0,Charles Leclerc
2025,17,8.0,4.0,Oliver Bearman
2025,7,8.0,4.0,Isack Hadjar
2025,14,8.0,4.0,Esteban Ocon
2025,6,8.0,4.0,Carlos Sainz
2025,12,8.0,4.0,Lewis Hamilton
2025,9,8.0,4.0,Liam Lawson
2025,8,8.0,4.0,Pierre Gasly
2025,2,9.0,2.0,857
2025,14,9.0,2.0,840
2025,9,9.0,2.0,848
2025,10,9.0,2.0,852
2025,11,9.0,2.0,848
2025,6,9.0,2.0,832
2025,9,9.0,2.0,865
2025,10,9.0,2.0,848
2025,10,9.0,2.0,4
2025,14,9.0,2.0,839
2025,20,9.0,2.0,807
2025,7,9.0,2.0,4
2025,10,9.0,2.0,864
2025,8,9.0,2.0,830
2025,12,9.0,2.0,852
2025,6,9.0,2.0,863
2025,10,9.0,2.0,844
2025,9,9.0,2.0,860
2025,8,9.0,2.0,860
2025,11,9.0,2.0,839
2025,2,9.0,2.0,Oscar Piastri
2025,14,9.0,2.0,Lance Stroll
2025,9,9.0,2.0,Alexander Albon
2025,10,9.0,2.0,Yuki Tsunoda
2025,11,9.0,2.0,Alexander Albon
2025,6,9.0,2.0,Carlos Sainz
2025,9,9.0,2.0,Isack Hadjar
2025,10,9.0,2.0,Alexander Albon
2025,10,9.0,2.0,Fernando Alonso
2025,8,10.0,1.0,1
2025,15,10.0,1.0,832
2025,10,10.0,1.0,860
2025,20,10.0,1.0,860
2025,14,10.0,1.0,865
2025,10,10.0,1.0,852
2025,20,10.0,1.0,852
2025,11,10.0,1.0,832
2025,3,10.0,1.0,830
2025,16,10.0,1.0,832
2025,17,10.0,1.0,839
2025,4,10.0,1.0,847
2025,13,10.0,1.0,842
2025,15,10.0,1.0,863
2025,18,10.0,1.0,839
2025,19,10.0,1.0,865
2025,8,10.0,1.0,865
2025,18,10.0,1.0,832
2025,10,10.0,1.0,4
2025,16,10.0,1.0,864
2025,8,10.0,1.0,Lewis Hamilton
2025,15,10.0,1.0,Carlos Sainz
2025,10,10.0,1.0,Oliver Bearman
2025,20,10.0,1.0,Oliver Bearman
2025,14,10.0,1.0,Isack Hadjar
2025,10,10.0,1.0,Yuki Tsunoda
2025,20,10.0,1.0,Yuki Tsunoda
2025,11,10.0,1.0,Carlos Sainz
2025,3,10.0,1.0,Max Verstappen
2025,9,11.0,0.0,842
2025,7,11.0,0.0,865
2025,12,11.0,0.0,4
2025,5,11.0,0.0,863
2025,13,11.0,0.0,4
2025,11,11.0,0.0,865
2025,5,11.0,0.0,4
2025,14,11.0,0.0,847
2025,13,11.0,0.0,859
2025,13,11.0,0.0,860
2025,15,11.0,0.0,860
2025,18,11.0,0.0,860
2025,12,11.0,0.0,860
2025,10,11.0,0.0,865
2025,16,11.0,0.0,861
2025,13,11.0,0.0,832
2025,13,11.0,0.0,864
2025,8,11.0,0.0,865
2025,12,11.0,0.0,859
2025,10,11.0,0.0,852
2025,9,11.0,0.0,Pierre Gasly
2025,7,11.0,0.0,Isack Hadjar
2025,12,11.0,0.0,Fernando Alonso
2025,5,11.0,0.0,Kimi Antonelli
2025,13,11.0,0.0,Fernando Alonso
2025,11,11.0,0.0,Isack Hadjar
2025,5,11.0,0.0,Fernando Alonso
2025,14,11.0,0.0,George Russell
2025,13,11.0,0.0,Liam Lawson
2025,5,12.0,0.0,852
2025,20,12.0,0.0,859
2025,14,12.0,0.0,852
2025,15,12.0,0.0,848
2025,12,12.0,0.0,859
2025,9,12.0,0.0,839
2025,17,12.0,0.0,807
2025,20,12.0,0.0,860
2025,12,12.0,0.0,864
2025,18,12.0,0.0,852
2025,13,12.0,0.0,865
2025,9,12.0,0.0,832
2025,14,12.0,0.0,807
2025,12,12.0,0.0,1
2025,8,12.0,0.0,859
2025,11,12.0,0.0,860
2025,15,12.0,0.0,860
2025,13,12.0,0.0,852
2025,19,12.0,0.0,840
2025,17,12.0,0.0,848
2025,5,12.0,0.0,Yuki Tsunoda
2025,20,12.0,0.0,Liam Lawson
2025,14,12.0,0.0,Yuki Tsunoda
2025,15,12.0,0.0,Alexander Albon
2025,12,12.0,0.0,Liam Lawson
2025,9,12.0,0.0,Esteban Ocon
2025,17,12.0,0.0,Nico Hulkenberg
2025,20,12.0,0.0,Oliver Bearman
2025,12,12.0,0.0,Gabriel Bortoleto
2025,19,13.0,0.0,839
2025,18,13.0,0.0,862
2025,11,13.0,0.0,842
2025,12,13.0,0.0,865
2025,15,13.0,0.0,860
2025,20,13.0,0.0,842
2025,10,13.0,0.0,842
2025,18,13.0,0.0,861
2025,19,13.0,0.0,852
2025,10,13.0,0.0,861
2025,14,13.0,0.0,839
2025,7,13.0,0.0,852
2025,18,13.0,0.0,807
2025,9,13.0,0.0,832
2025,9,13.0,0.0,852
2025,19,13.0,0.0,848
2025,15,13.0,0.0,840
2025,7,13.0,0.0,863
2025,8,13.0,0.0,865
2025,19,13.0,0.0,Esteban Ocon
2025,18,13.0,0.0,Jack Doohan
2025,11,13.0,0.0,Pierre Gasly
2025,12,13.0,0.0,Isack Hadjar
2025,15,13.0,0.0,Oliver Bearman
2025,20,13.0,0.0,Pierre Gasly
2025,10,13.0,0.0,Pierre Gasly
2025,18,13.0,0.0,Franco Colapinto
2025,19,13.0,0.0,Yuki Tsunoda
2025,20,14.0,0.0,860
2025,19,14.0,0.0,864
2025,15,14.0,0.0,832
2025,11,14.0,0.0,862
2025,19,14.0,0.0,839
2025,16,14.0,0.0,807
2025,15,14.0,0.0,859
2025,16,14.0,0.0,864
2025,17,14.0,0.0,832
2025,15,14.0,0.0,864
2025,16,14.0,0.0,840
2025,6,14.0,0.0,844
2025,13,14.0,0.0,832
2025,17,14.0,0.0,807
2025,18,14.0,0.0,859
2025,20,14.0,0.0,839
2025,20,14.0,0.0,848
2025,18,14.0,0.0,848
2025,19,14.0,0.0,840
2025,20,14.0,0.0,Oliver Bearman
2025,19,14.0,0.0,Gabriel Bortoleto
2025,15,14.0,0.0,Carlos Sainz
2025,11,14.0,0.0,Jack Doohan
2025,19,14.0,0.0,Esteban Ocon
2025,16,14.0,0.0,Nico Hulkenberg
2025,15,14.0,0.0,Liam Lawson
2025,16,14.0,0.0,Gabriel Bortoleto
2025,17,14.0,0.0,Carlos Sainz
2025,18,15.0,0.0,859
2025,12,15.0,0.0,807
2025,19,15.0,0.0,862
2025,13,15.0,0.0,4
2025,18,15.0,0.0,807
2025,17,15.0,0.0,4
2025,8,15.0,0.0,840
2025,19,15.0,0.0,840
2025,18,15.0,0.0,861
2025,20,15.0,0.0,842
2025,14,15.0,0.0,861
2025,11,15.0,0.0,852
2025,11,15.0,0.0,839
2025,19,15.0,0.0,848
2025,13,15.0,0.0,864
2025,15,15.0,0.0,839
2025,11,15.0,0.0,4
2025,12,15.0,0.0,859
2025,17,15.0,0.0,839
2025,18,15.0,0.0,842
2025,12,15.0,0.0,Nico Hulkenberg
2025,19,15.0,0.0,Jack Doohan
2025,13,15.0,0.0,Fernando Alonso
2025,18,15.0,0.0,Nico Hulkenberg
2025,17,15.0,0.0,Fernando Alonso
2025,8,15.0,0.0,Lance Stroll
2025,19,15.0,0.0,Lance Stroll
2025,18,15.0,0.0,Franco Colapinto
2025,15,16.0,0.0,864
2025,9,16.0,0.0,852
2025,16,16.0,0.0,807
2025,17,16.0,0.0,859
2025,16,16.0,0.0,840
2025,18,16.0,0.0,840
2025,16,16.0,0.0,861
2025,13,16.0,0.0,807
2025,16,16.0,0.0,839
2025,12,16.0,0.0,865
2025,18,16.0,0.0,852
2025,10,16.0,0.0,863
2025,19,16.0,0.0,863
2025,17,16.0,0.0,839
2025,11,16.0,0.0,863
2025,20,16.0,0.0,842
2025,17,16.0,0.0,807
2025,20,16.0,0.0,865
2025,20,16.0,0.0,861
2025,9,16.0,0.0,Yuki Tsunoda
2025,16,16.0,0.0,Nico Hulkenberg
2025,17,16.0,0.0,Liam Lawson
2025,16,16.0,0.0,Lance Stroll
2025,18,16.0,0.0,Lance Stroll
2025,16,16.0,0.0,Franco Colapinto
2025,13,16.0,0.0,Nico Hulkenberg
2025,16,16.0,0.0,Esteban Ocon
2025,12,17.0,0.0,4
2025,13,17.0,0.0,4
2025,13,17.0,0.0,859
2025,19,17.0,0.0,840
2025,17,17.0,0.0,862
2025,15,17.0,0.0,859
2025,19,17.0,0.0,860
2025,12,17.0,0.0,852
2025,14,17.0,0.0,860
2025,17,17.0,0.0,840
2025,12,17.0,0.0,848
2025,12,17.0,0.0,865
2025,20,17.0,0.0,4
2025,20,17.0,0.0,852
2025,14,17.0,0.0,842
2025,17,17.0,0.0,861
2025,14,17.0,0.0,840
2025,14,17.0,0.0,864
2025,15,17.0,0.0,861
2025,12,17.0,0.0,832
2025,13,17.0,0.0,Liam Lawson
2025,19,17.0,0.0,Lance Stroll
2025,17,17.0,0.0,Jack Doohan
2025,19,17.0,0.0,Oliver Bearman
2025,12,17.0,0.0,Yuki Tsunoda
2025,14,17.0,0.0,Oliver Bearman
2025,10,18.0,0.0,832
2025,6,18.0,0.0,844
2025,18,18.0,0.0,839
2025,18,18.0,0.0,864
2025,20,18.0,0.0,864
2025,13,18.0,0.0,864
2025,14,18.0,0.0,864
2025,15,18.0,0.0,863
2025,6,18.0,0.0,863
2025,7,18.0,0.0,846
2025,7,18.0,0.0,830
2025,16,18.0,0.0,864
2025,17,18.0,0.0,832
2025,14,18.0,0.0,861
2025,2,18.0,0.0,846
2025,16,18.0,0.0,840
2025,18,18.0,0.0,842
2025,17,18.0,0.0,839
2025,14,18.0,0.0,4
2025,18,18.0,0.0,Esteban Ocon
2025,18,18.0,0.0,Gabriel Bortoleto
2025,20,18.0,0.0,Gabriel Bortoleto
2025,14,18.0,0.0,Gabriel Bortoleto
2025,15,18.0,0.0,Kimi Antonelli
2025,14,19.0,0.0,862
2025,5,19.0,0.0,1
2025,17,19.0,0.0,864
2025,8,19.0,0.0,832
2025,8,19.0,0.0,852
2025,19,19.0,0.0,860
2025,13,19.0,0.0,863
2025,6,19.0,0.0,4
2025,11,19.0,0.0,848
2025,19,19.0,0.0,859
2025,9,19.0,0.0,863
2025,15,19.0,0.0,859
2025,15,19.0,0.0,861
2025,16,19.0,0.0,842
2025,6,19.0,0.0,844
2025,8,19.0,0.0,4
2025,16,19.0,0.0,861
2025,19,19.0,0.0,842
2025,14,19.0,0.0,842
2025,13,19.0,0.0,807
2025,17,19.0,0.0,Gabriel Bortoleto
2025,11,20.0,0.0,865
2025,16,20.0,0.0,842
2025,20,20.0,0.0,840
2025,16,20.0,0.0,807
2025,9,20.0,0.0,842
2025,14,20.0,0.0,862
2025,18,20.0,0.0,839
2025,17,20.0,0.0,842
2025,9,20.0,0.0,848
2025,19,20.0,0.0,832
2025,20,20.0,0.0,861
2025,8,20.0,0.0,865
2025,11,20.0,0.0,860
2025,7,20.0,0.0,1
2025,12,20.0,0.0,807
2025,9,20.0,0.0,857
2025,11,20.0,0.0,807
2025,9,20.0,0.0,832
2025,15,20.0,0.0,859
2025,20,20.0,0.0,Lance Stroll
